GHO (CODE),GHO (DISPLAY),GHO (URL),DATASOURCE (CODE),DATASOURCE (DISPLAY),DATASOURCE (URL),PUBLISHSTATE (CODE),PUBLISHSTATE (DISPLAY),PUBLISHSTATE (URL),YEAR (CODE),YEAR (DISPLAY),YEAR (URL),REGION (CODE),STARTYEAR,ENDYEAR,REGION (DISPLAY),REGION (URL),COUNTRY (CODE),COUNTRY (DISPLAY),COUNTRY (URL),RESIDENCEAREATYPE (CODE),RESIDENCEAREATYPE (DISPLAY),RESIDENCEAREATYPE (URL),Display Value,Numeric,Low,High,StdErr,StdDev,Comments
#indicator+code,#indicator+name,#indicator+url,,#meta+source,,#status+code,#status+name,,,#date+year,,#region+code,#date+year+start,#date+year+end,#region+name,,#country+code,#country+name,,,,,,#indicator+value+num,,,,,
FINPROTECTION_IMPOV_ESTIMATE_AVAILABLE,Availability of estimates on impoverishment due to out-of-pocket health expenditures,https://www.who.int/data/gho/indicator-metadata-registry/imr-details/4838,POVIND2004,,,PUBLISHED,Published,,2004,2004,,SEAR,2004,2004,South-East Asia,,IND,India,,,,,Yes,1.00000,,,,,
FINPROTECTION_IMPOV_ESTIMATE_AVAILABLE,Availability of estimates on impoverishment due to out-of-pocket health expenditures,https://www.who.int/data/gho/indicator-metadata-registry/imr-details/4838,POVIND2009,,,PUBLISHED,Published,,2009,2009,,SEAR,2009,2009,South-East Asia,,IND,India,,,,,Yes,1.00000,,,,,
FINPROTECTION_IMPOV_ESTIMATE_AVAILABLE,Availability of estimates on impoverishment due to out-of-pocket health expenditures,https://www.who.int/data/gho/indicator-metadata-registry/imr-details/4838,POVIND2011,,,PUBLISHED,Published,,2011,2011,,SEAR,2011,2011,South-East Asia,,IND,India,,,,,Yes,1.00000,,,,,
FINPROTECTION_CATA_ESTIMATE_AVAILABLE,Availability of estimates on large health expenditures as a share of total expenditure or income,https://www.who.int/data/gho/indicator-metadata-registry/imr-details/4844,FPIND2004,source,,PUBLISHED,Published,,2004,2004,,SEAR,2004,2004,South-East Asia,,IND,India,,,,,Yes,1.00000,,,,,
FINPROTECTION_CATA_ESTIMATE_AVAILABLE,Availability of estimates on large health expenditures as a share of total expenditure or income,https://www.who.int/data/gho/indicator-metadata-registry/imr-details/4844,FPIND2009,source,,PUBLISHED,Published,,2009,2009,,SEAR,2009,2009,South-East Asia,,IND,India,,,,,Yes,1.00000,,,,,
FINPROTECTION_CATA_ESTIMATE_AVAILABLE,Availability of estimates on large health expenditures as a share of total expenditure or income,https://www.who.int/data/gho/indicator-metadata-registry/imr-details/4844,FPIND2011,source,,PUBLISHED,Published,,2011,2011,,SEAR,2011,2011,South-East Asia,,IND,India,,,,,Yes,1.00000,,,,,
FINPROTECTION_CATA_TOT_10_POP,Population with household expenditures on health greater than 10% of total household expenditure or income (SDG indicator 3.8.2) (%),https://www.who.int/data/gho/indicator-metadata-registry/imr-details/4844,FPIND2000,source,,PUBLISHED,Published,,2000,2000,,SEAR,2000,2000,South-East Asia,,IND,India,,TOTL,Total,,13.79,13.79000,,,,,
FINPROTECTION_CATA_TOT_25_POP,Population with household expenditures on health greater than 25% of total household expenditure or income (SDG indicator 3.8.2) (%),https://www.who.int/data/gho/indicator-metadata-registry/imr-details/4845,FPIND2000,source,,PUBLISHED,Published,,2000,2000,,SEAR,2000,2000,South-East Asia,,IND,India,,TOTL,Total,,2.22,2.22000,,,,,
FINPROTECTION_IMP_NP190_POP,Population pushed below the $1.90 a day poverty line by household health expenditures (%),https://www.who.int/data/gho/indicator-metadata-registry/imr-details/4838,FPIND2000,source,,PUBLISHED,Published,,2000,2000,,SEAR,2000,2000,South-East Asia,,IND,India,,TOTL,Total,,3.76,3.76000,,,,,
FINPROTECTION_IMP_PG_190_STD,"Increase in poverty gap due to household health expenditures, expressed as a proportion of the $1.90 a day poverty line (%)",https://www.who.int/data/gho/indicator-metadata-registry/imr-details/4839,FPIND2000,source,,PUBLISHED,Published,,2000,2000,,SEAR,2000,2000,South-East Asia,,IND,India,,TOTL,Total,,1.63,1.63000,,,,,
FINPROTECTION_IMP_PG_190,"Increase in poverty gap due to household health expenditures at the $1.90 a day poverty line, in cents of international dollars",https://www.who.int/data/gho/indicator-metadata-registry/imr-details/4840,FPIND2000,source,,PUBLISHED,Published,,2000,2000,,SEAR,2000,2000,South-East Asia,,IND,India,,TOTL,Total,,3.09,3.09000,,,,,
FINPROTECTION_IMP_NP310_POP,Population pushed below the $3.20 a day poverty line by household health expenditures (%),https://www.who.int/data/gho/indicator-metadata-registry/imr-details/4841,FPIND2000,source,,PUBLISHED,Published,,2000,2000,,SEAR,2000,2000,South-East Asia,,IND,India,,TOTL,Total,,2.10,2.10000,,,,,
FINPROTECTION_IMP_NP310_POP,Population pushed below the $3.20 a day poverty line by household health expenditures (%),https://www.who.int/data/gho/indicator-metadata-registry/imr-details/4841,FPIND2000,source,,PUBLISHED,Published,,2000,2000,,SEAR,2000,2000,South-East Asia,,IND,India,,RUR,Rural,,2.10,2.10000,,,,,
FINPROTECTION_IMP_NP310_POP,Population pushed below the $3.20 a day poverty line by household health expenditures (%),https://www.who.int/data/gho/indicator-metadata-registry/imr-details/4841,FPIND2000,source,,PUBLISHED,Published,,2000,2000,,SEAR,2000,2000,South-East Asia,,IND,India,,URB,Urban,,2.08,2.08000,,,,,
FINPROTECTION_IMP_PG_310_STD,"Increase in poverty gap due to household health expenditures, expressed as a proportion of the $3.20 a day poverty line (%)",https://www.who.int/data/gho/indicator-metadata-registry/imr-details/4842,FPIND2000,source,,PUBLISHED,Published,,2000,2000,,SEAR,2000,2000,South-East Asia,,IND,India,,TOTL,Total,,2.12,2.12000,,,,,
FINPROTECTION_IMP_PG_310,"Increase in poverty gap due to household health expenditures at the $3.20 a day poverty line, in cents of international dollars",https://www.who.int/data/gho/indicator-metadata-registry/imr-details/4843,FPIND2000,source,,PUBLISHED,Published,,2000,2000,,SEAR,2000,2000,South-East Asia,,IND,India,,TOTL,Total,,6.79,6.79000,,,,,
FINPROTECTION_IMP_NPRELPL_POP,Population pushed below a relative poverty line by household health expenditures (60% of median daily per capita consumption or income) (%),https://www.who.int/data/gho/indicator-metadata-registry/imr-details/4892,FPIND2000,source,,PUBLISHED,Published,,2000,2000,,SEAR,2000,2000,South-East Asia,,IND,India,,TOTL,Total,,2.55,2.55000,,,,,
FINPROTECTION_IMP_PG_RELPL_STD,"Increase in poverty gap due to household health expenditures, expressed as a proportion of a relative poverty line (60% of median daily per capita consumption or income) (%)",https://www.who.int/data/gho/indicator-metadata-registry/imr-details/4891,FPIND2000,source,,PUBLISHED,Published,,2000,2000,,SEAR,2000,2000,South-East Asia,,IND,India,,TOTL,Total,,0.70,0.70000,,,,,
FINPROTECTION_CATA_TOT_10_POP,Population with household expenditures on health greater than 10% of total household expenditure or income (SDG indicator 3.8.2) (%),https://www.who.int/data/gho/indicator-metadata-registry/imr-details/4844,FPIND2001,source,,PUBLISHED,Published,,2001,2001,,SEAR,2001,2001,South-East Asia,,IND,India,,TOTL,Total,,14.86,14.86000,,,,,
FINPROTECTION_CATA_TOT_25_POP,Population with household expenditures on health greater than 25% of total household expenditure or income (SDG indicator 3.8.2) (%),https://www.who.int/data/gho/indicator-metadata-registry/imr-details/4845,FPIND2001,source,,PUBLISHED,Published,,2001,2001,,SEAR,2001,2001,South-East Asia,,IND,India,,TOTL,Total,,3.06,3.06000,,,,,
FINPROTECTION_CATA_TOT_10_POP,Population with household expenditures on health greater than 10% of total household expenditure or income (SDG indicator 3.8.2) (%),https://www.who.int/data/gho/indicator-metadata-registry/imr-details/4844,FPIND2003,source,,PUBLISHED,Published,,2003,2003,,SEAR,2003,2003,South-East Asia,,IND,India,,TOTL,Total,,15.41,15.41000,,,,,
FINPROTECTION_CATA_TOT_25_POP,Population with household expenditures on health greater than 25% of total household expenditure or income (SDG indicator 3.8.2) (%),https://www.who.int/data/gho/indicator-metadata-registry/imr-details/4845,FPIND2003,source,,PUBLISHED,Published,,2003,2003,,SEAR,2003,2003,South-East Asia,,IND,India,,TOTL,Total,,3.50,3.50000,,,,,
FINPROTECTION_IMP_NP190_POP,Population pushed below the $1.90 a day poverty line by household health expenditures (%),https://www.who.int/data/gho/indicator-metadata-registry/imr-details/4838,FPIND2003,source,,PUBLISHED,Published,,2003,2003,,SEAR,2003,2003,South-East Asia,,IND,India,,TOTL,Total,,5.06,5.06000,,,,,
FINPROTECTION_IMP_PG_190_STD,"Increase in poverty gap due to household health expenditures, expressed as a proportion of the $1.90 a day poverty line (%)",https://www.who.int/data/gho/indicator-metadata-registry/imr-details/4839,FPIND2003,source,,PUBLISHED,Published,,2003,2003,,SEAR,2003,2003,South-East Asia,,IND,India,,TOTL,Total,,1.73,1.73000,,,,,
FINPROTECTION_IMP_PG_190,"Increase in poverty gap due to household health expenditures at the $1.90 a day poverty line, in cents of international dollars",https://www.who.int/data/gho/indicator-metadata-registry/imr-details/4840,FPIND2003,source,,PUBLISHED,Published,,2003,2003,,SEAR,2003,2003,South-East Asia,,IND,India,,TOTL,Total,,3.29,3.29000,,,,,
FINPROTECTION_IMP_NP310_POP,Population pushed below the $3.20 a day poverty line by household health expenditures (%),https://www.who.int/data/gho/indicator-metadata-registry/imr-details/4841,FPIND2003,source,,PUBLISHED,Published,,2003,2003,,SEAR,2003,2003,South-East Asia,,IND,India,,TOTL,Total,,2.71,2.71000,,,,,
FINPROTECTION_IMP_NP310_POP,Population pushed below the $3.20 a day poverty line by household health expenditures (%),https://www.who.int/data/gho/indicator-metadata-registry/imr-details/4841,FPIND2003,source,,PUBLISHED,Published,,2003,2003,,SEAR,2003,2003,South-East Asia,,IND,India,,RUR,Rural,,2.57,2.57000,,,,,
FINPROTECTION_IMP_NP310_POP,Population pushed below the $3.20 a day poverty line by household health expenditures (%),https://www.who.int/data/gho/indicator-metadata-registry/imr-details/4841,FPIND2003,source,,PUBLISHED,Published,,2003,2003,,SEAR,2003,2003,South-East Asia,,IND,India,,URB,Urban,,3.16,3.16000,,,,,
FINPROTECTION_IMP_PG_310_STD,"Increase in poverty gap due to household health expenditures, expressed as a proportion of the $3.20 a day poverty line (%)",https://www.who.int/data/gho/indicator-metadata-registry/imr-details/4842,FPIND2003,source,,PUBLISHED,Published,,2003,2003,,SEAR,2003,2003,South-East Asia,,IND,India,,TOTL,Total,,2.60,2.60000,,,,,
FINPROTECTION_IMP_PG_310,"Increase in poverty gap due to household health expenditures at the $3.20 a day poverty line, in cents of international dollars",https://www.who.int/data/gho/indicator-metadata-registry/imr-details/4843,FPIND2003,source,,PUBLISHED,Published,,2003,2003,,SEAR,2003,2003,South-East Asia,,IND,India,,TOTL,Total,,8.32,8.32000,,,,,
FINPROTECTION_IMP_NPRELPL_POP,Population pushed below a relative poverty line by household health expenditures (60% of median daily per capita consumption or income) (%),https://www.who.int/data/gho/indicator-metadata-registry/imr-details/4892,FPIND2003,source,,PUBLISHED,Published,,2003,2003,,SEAR,2003,2003,South-East Asia,,IND,India,,TOTL,Total,,2.29,2.29000,,,,,
FINPROTECTION_IMP_PG_RELPL_STD,"Increase in poverty gap due to household health expenditures, expressed as a proportion of a relative poverty line (60% of median daily per capita consumption or income) (%)",https://www.who.int/data/gho/indicator-metadata-registry/imr-details/4891,FPIND2003,source,,PUBLISHED,Published,,2003,2003,,SEAR,2003,2003,South-East Asia,,IND,India,,TOTL,Total,,0.43,0.43000,,,,,
FINPROTECTION_CATA_TOT_10_POP,Population with household expenditures on health greater than 10% of total household expenditure or income (SDG indicator 3.8.2) (%),https://www.who.int/data/gho/indicator-metadata-registry/imr-details/4844,FPIND2004,source,,PUBLISHED,Published,,2004,2004,,SEAR,2004,2004,South-East Asia,,IND,India,,TOTL,Total,,15.49,15.49000,,,,,
FINPROTECTION_CATA_TOT_10_POP,Population with household expenditures on health greater than 10% of total household expenditure or income (SDG indicator 3.8.2) (%),https://www.who.int/data/gho/indicator-metadata-registry/imr-details/4844,FPIND2004,source,,PUBLISHED,Published,,2004,2004,,SEAR,2004,2004,South-East Asia,,IND,India,,RUR,Rural,,15.85,15.85000,,,,,
FINPROTECTION_CATA_TOT_10_POP,Population with household expenditures on health greater than 10% of total household expenditure or income (SDG indicator 3.8.2) (%),https://www.who.int/data/gho/indicator-metadata-registry/imr-details/4844,FPIND2004,source,,PUBLISHED,Published,,2004,2004,,SEAR,2004,2004,South-East Asia,,IND,India,,URB,Urban,,14.44,14.44000,,,,,
FINPROTECTION_CATA_TOT_25_POP,Population with household expenditures on health greater than 25% of total household expenditure or income (SDG indicator 3.8.2) (%),https://www.who.int/data/gho/indicator-metadata-registry/imr-details/4845,FPIND2004,source,,PUBLISHED,Published,,2004,2004,,SEAR,2004,2004,South-East Asia,,IND,India,,TOTL,Total,,3.70,3.70000,,,,,
FINPROTECTION_CATA_TOT_25_POP,Population with household expenditures on health greater than 25% of total household expenditure or income (SDG indicator 3.8.2) (%),https://www.who.int/data/gho/indicator-metadata-registry/imr-details/4845,FPIND2004,source,,PUBLISHED,Published,,2004,2004,,SEAR,2004,2004,South-East Asia,,IND,India,,RUR,Rural,,3.92,3.92000,,,,,
FINPROTECTION_CATA_TOT_25_POP,Population with household expenditures on health greater than 25% of total household expenditure or income (SDG indicator 3.8.2) (%),https://www.who.int/data/gho/indicator-metadata-registry/imr-details/4845,FPIND2004,source,,PUBLISHED,Published,,2004,2004,,SEAR,2004,2004,South-East Asia,,IND,India,,URB,Urban,,3.03,3.03000,,,,,
FINPROTECTION_IMP_NP190_POP,Population pushed below the $1.90 a day poverty line by household health expenditures (%),https://www.who.int/data/gho/indicator-metadata-registry/imr-details/4838,FPIND2004,source,,PUBLISHED,Published,,2004,2004,,SEAR,2004,2004,South-East Asia,,IND,India,,TOTL,Total,,4.70,4.70000,,,,,
FINPROTECTION_IMP_NP190_POP,Population pushed below the $1.90 a day poverty line by household health expenditures (%),https://www.who.int/data/gho/indicator-metadata-registry/imr-details/4838,FPIND2004,source,,PUBLISHED,Published,,2004,2004,,SEAR,2004,2004,South-East Asia,,IND,India,,RUR,Rural,,5.19,5.19000,,,,,
FINPROTECTION_IMP_NP190_POP,Population pushed below the $1.90 a day poverty line by household health expenditures (%),https://www.who.int/data/gho/indicator-metadata-registry/imr-details/4838,FPIND2004,source,,PUBLISHED,Published,,2004,2004,,SEAR,2004,2004,South-East Asia,,IND,India,,URB,Urban,,3.25,3.25000,,,,,
FINPROTECTION_IMP_PG_190_STD,"Increase in poverty gap due to household health expenditures, expressed as a proportion of the $1.90 a day poverty line (%)",https://www.who.int/data/gho/indicator-metadata-registry/imr-details/4839,FPIND2004,source,,PUBLISHED,Published,,2004,2004,,SEAR,2004,2004,South-East Asia,,IND,India,,TOTL,Total,,1.57,1.57000,,,,,
FINPROTECTION_IMP_PG_190_STD,"Increase in poverty gap due to household health expenditures, expressed as a proportion of the $1.90 a day poverty line (%)",https://www.who.int/data/gho/indicator-metadata-registry/imr-details/4839,FPIND2004,source,,PUBLISHED,Published,,2004,2004,,SEAR,2004,2004,South-East Asia,,IND,India,,RUR,Rural,,1.76,1.76000,,,,,
FINPROTECTION_IMP_PG_190_STD,"Increase in poverty gap due to household health expenditures, expressed as a proportion of the $1.90 a day poverty line (%)",https://www.who.int/data/gho/indicator-metadata-registry/imr-details/4839,FPIND2004,source,,PUBLISHED,Published,,2004,2004,,SEAR,2004,2004,South-East Asia,,IND,India,,URB,Urban,,1.00,1.00000,,,,,
FINPROTECTION_IMP_PG_190,"Increase in poverty gap due to household health expenditures at the $1.90 a day poverty line, in cents of international dollars",https://www.who.int/data/gho/indicator-metadata-registry/imr-details/4840,FPIND2004,source,,PUBLISHED,Published,,2004,2004,,SEAR,2004,2004,South-East Asia,,IND,India,,TOTL,Total,,2.98,2.98000,,,,,
FINPROTECTION_IMP_PG_190,"Increase in poverty gap due to household health expenditures at the $1.90 a day poverty line, in cents of international dollars",https://www.who.int/data/gho/indicator-metadata-registry/imr-details/4840,FPIND2004,source,,PUBLISHED,Published,,2004,2004,,SEAR,2004,2004,South-East Asia,,IND,India,,URB,Urban,,1.89,1.89000,,,,,
FINPROTECTION_IMP_PG_190,"Increase in poverty gap due to household health expenditures at the $1.90 a day poverty line, in cents of international dollars",https://www.who.int/data/gho/indicator-metadata-registry/imr-details/4840,FPIND2004,source,,PUBLISHED,Published,,2004,2004,,SEAR,2004,2004,South-East Asia,,IND,India,,RUR,Rural,,3.35,3.35000,,,,,
FINPROTECTION_IMP_NP310_POP,Population pushed below the $3.20 a day poverty line by household health expenditures (%),https://www.who.int/data/gho/indicator-metadata-registry/imr-details/4841,FPIND2004,source,,PUBLISHED,Published,,2004,2004,,SEAR,2004,2004,South-East Asia,,IND,India,,TOTL,Total,,3.26,3.26000,,,,,
FINPROTECTION_IMP_NP310_POP,Population pushed below the $3.20 a day poverty line by household health expenditures (%),https://www.who.int/data/gho/indicator-metadata-registry/imr-details/4841,FPIND2004,source,,PUBLISHED,Published,,2004,2004,,SEAR,2004,2004,South-East Asia,,IND,India,,RUR,Rural,,3.14,3.14000,,,,,
FINPROTECTION_IMP_NP310_POP,Population pushed below the $3.20 a day poverty line by household health expenditures (%),https://www.who.int/data/gho/indicator-metadata-registry/imr-details/4841,FPIND2004,source,,PUBLISHED,Published,,2004,2004,,SEAR,2004,2004,South-East Asia,,IND,India,,URB,Urban,,3.60,3.60000,,,,,
FINPROTECTION_IMP_PG_310_STD,"Increase in poverty gap due to household health expenditures, expressed as a proportion of the $3.20 a day poverty line (%)",https://www.who.int/data/gho/indicator-metadata-registry/imr-details/4842,FPIND2004,source,,PUBLISHED,Published,,2004,2004,,SEAR,2004,2004,South-East Asia,,IND,India,,TOTL,Total,,2.62,2.62000,,,,,
FINPROTECTION_IMP_PG_310_STD,"Increase in poverty gap due to household health expenditures, expressed as a proportion of the $3.20 a day poverty line (%)",https://www.who.int/data/gho/indicator-metadata-registry/imr-details/4842,FPIND2004,source,,PUBLISHED,Published,,2004,2004,,SEAR,2004,2004,South-East Asia,,IND,India,,RUR,Rural,,2.83,2.83000,,,,,
FINPROTECTION_IMP_PG_310_STD,"Increase in poverty gap due to household health expenditures, expressed as a proportion of the $3.20 a day poverty line (%)",https://www.who.int/data/gho/indicator-metadata-registry/imr-details/4842,FPIND2004,source,,PUBLISHED,Published,,2004,2004,,SEAR,2004,2004,South-East Asia,,IND,India,,URB,Urban,,2.01,2.01000,,,,,
FINPROTECTION_IMP_PG_310,"Increase in poverty gap due to household health expenditures at the $3.20 a day poverty line, in cents of international dollars",https://www.who.int/data/gho/indicator-metadata-registry/imr-details/4843,FPIND2004,source,,PUBLISHED,Published,,2004,2004,,SEAR,2004,2004,South-East Asia,,IND,India,,TOTL,Total,,8.40,8.40000,,,,,
FINPROTECTION_IMP_PG_310,"Increase in poverty gap due to household health expenditures at the $3.20 a day poverty line, in cents of international dollars",https://www.who.int/data/gho/indicator-metadata-registry/imr-details/4843,FPIND2004,source,,PUBLISHED,Published,,2004,2004,,SEAR,2004,2004,South-East Asia,,IND,India,,URB,Urban,,6.44,6.44000,,,,,
FINPROTECTION_IMP_PG_310,"Increase in poverty gap due to household health expenditures at the $3.20 a day poverty line, in cents of international dollars",https://www.who.int/data/gho/indicator-metadata-registry/imr-details/4843,FPIND2004,source,,PUBLISHED,Published,,2004,2004,,SEAR,2004,2004,South-East Asia,,IND,India,,RUR,Rural,,9.06,9.06000,,,,,
FINPROTECTION_IMP_NPRELPL_POP,Population pushed below a relative poverty line by household health expenditures (60% of median daily per capita consumption or income) (%),https://www.who.int/data/gho/indicator-metadata-registry/imr-details/4892,FPIND2004,source,,PUBLISHED,Published,,2004,2004,,SEAR,2004,2004,South-East Asia,,IND,India,,TOTL,Total,,2.47,2.47000,,,,,
FINPROTECTION_IMP_PG_RELPL_STD,"Increase in poverty gap due to household health expenditures, expressed as a proportion of a relative poverty line (60% of median daily per capita consumption or income) (%)",https://www.who.int/data/gho/indicator-metadata-registry/imr-details/4891,FPIND2004,source,,PUBLISHED,Published,,2004,2004,,SEAR,2004,2004,South-East Asia,,IND,India,,TOTL,Total,,0.50,0.50000,,,,,
FINPROTECTION_CATA_TOT_10_POP,Population with household expenditures on health greater than 10% of total household expenditure or income (SDG indicator 3.8.2) (%),https://www.who.int/data/gho/indicator-metadata-registry/imr-details/4844,FPIND2006,source,,PUBLISHED,Published,,2006,2006,,SEAR,2006,2006,South-East Asia,,IND,India,,TOTL,Total,,16.84,16.84000,,,,,
FINPROTECTION_CATA_TOT_25_POP,Population with household expenditures on health greater than 25% of total household expenditure or income (SDG indicator 3.8.2) (%),https://www.who.int/data/gho/indicator-metadata-registry/imr-details/4845,FPIND2006,source,,PUBLISHED,Published,,2006,2006,,SEAR,2006,2006,South-East Asia,,IND,India,,TOTL,Total,,3.84,3.84000,,,,,
FINPROTECTION_IMP_NP190_POP,Population pushed below the $1.90 a day poverty line by household health expenditures (%),https://www.who.int/data/gho/indicator-metadata-registry/imr-details/4838,FPIND2006,source,,PUBLISHED,Published,,2006,2006,,SEAR,2006,2006,South-East Asia,,IND,India,,TOTL,Total,,4.75,4.75000,,,,,
FINPROTECTION_IMP_PG_190_STD,"Increase in poverty gap due to household health expenditures, expressed as a proportion of the $1.90 a day poverty line (%)",https://www.who.int/data/gho/indicator-metadata-registry/imr-details/4839,FPIND2006,source,,PUBLISHED,Published,,2006,2006,,SEAR,2006,2006,South-East Asia,,IND,India,,TOTL,Total,,1.71,1.71000,,,,,
FINPROTECTION_IMP_PG_190,"Increase in poverty gap due to household health expenditures at the $1.90 a day poverty line, in cents of international dollars",https://www.who.int/data/gho/indicator-metadata-registry/imr-details/4840,FPIND2006,source,,PUBLISHED,Published,,2006,2006,,SEAR,2006,2006,South-East Asia,,IND,India,,TOTL,Total,,3.25,3.25000,,,,,
FINPROTECTION_IMP_NP310_POP,Population pushed below the $3.20 a day poverty line by household health expenditures (%),https://www.who.int/data/gho/indicator-metadata-registry/imr-details/4841,FPIND2006,source,,PUBLISHED,Published,,2006,2006,,SEAR,2006,2006,South-East Asia,,IND,India,,TOTL,Total,,3.54,3.54000,,,,,
FINPROTECTION_IMP_NP310_POP,Population pushed below the $3.20 a day poverty line by household health expenditures (%),https://www.who.int/data/gho/indicator-metadata-registry/imr-details/4841,FPIND2006,source,,PUBLISHED,Published,,2006,2006,,SEAR,2006,2006,South-East Asia,,IND,India,,RUR,Rural,,3.38,3.38000,,,,,
FINPROTECTION_IMP_NP310_POP,Population pushed below the $3.20 a day poverty line by household health expenditures (%),https://www.who.int/data/gho/indicator-metadata-registry/imr-details/4841,FPIND2006,source,,PUBLISHED,Published,,2006,2006,,SEAR,2006,2006,South-East Asia,,IND,India,,URB,Urban,,4.07,4.07000,,,,,
FINPROTECTION_IMP_PG_310_STD,"Increase in poverty gap due to household health expenditures, expressed as a proportion of the $3.20 a day poverty line (%)",https://www.who.int/data/gho/indicator-metadata-registry/imr-details/4842,FPIND2006,source,,PUBLISHED,Published,,2006,2006,,SEAR,2006,2006,South-East Asia,,IND,India,,TOTL,Total,,2.76,2.76000,,,,,
FINPROTECTION_IMP_PG_310,"Increase in poverty gap due to household health expenditures at the $3.20 a day poverty line, in cents of international dollars",https://www.who.int/data/gho/indicator-metadata-registry/imr-details/4843,FPIND2006,source,,PUBLISHED,Published,,2006,2006,,SEAR,2006,2006,South-East Asia,,IND,India,,TOTL,Total,,8.85,8.85000,,,,,
FINPROTECTION_IMP_NPRELPL_POP,Population pushed below a relative poverty line by household health expenditures (60% of median daily per capita consumption or income) (%),https://www.who.int/data/gho/indicator-metadata-registry/imr-details/4892,FPIND2006,source,,PUBLISHED,Published,,2006,2006,,SEAR,2006,2006,South-East Asia,,IND,India,,TOTL,Total,,2.87,2.87000,,,,,
FINPROTECTION_IMP_PG_RELPL_STD,"Increase in poverty gap due to household health expenditures, expressed as a proportion of a relative poverty line (60% of median daily per capita consumption or income) (%)",https://www.who.int/data/gho/indicator-metadata-registry/imr-details/4891,FPIND2006,source,,PUBLISHED,Published,,2006,2006,,SEAR,2006,2006,South-East Asia,,IND,India,,TOTL,Total,,0.70,0.70000,,,,,
FINPROTECTION_CATA_TOT_10_POP,Population with household expenditures on health greater than 10% of total household expenditure or income (SDG indicator 3.8.2) (%),https://www.who.int/data/gho/indicator-metadata-registry/imr-details/4844,FPIND2007,source,,PUBLISHED,Published,,2007,2007,,SEAR,2007,2007,South-East Asia,,IND,India,,TOTL,Total,,12.98,12.98000,,,,,
FINPROTECTION_CATA_TOT_25_POP,Population with household expenditures on health greater than 25% of total household expenditure or income (SDG indicator 3.8.2) (%),https://www.who.int/data/gho/indicator-metadata-registry/imr-details/4845,FPIND2007,source,,PUBLISHED,Published,,2007,2007,,SEAR,2007,2007,South-East Asia,,IND,India,,TOTL,Total,,2.79,2.79000,,,,,
FINPROTECTION_IMP_NP190_POP,Population pushed below the $1.90 a day poverty line by household health expenditures (%),https://www.who.int/data/gho/indicator-metadata-registry/imr-details/4838,FPIND2007,source,,PUBLISHED,Published,,2007,2007,,SEAR,2007,2007,South-East Asia,,IND,India,,TOTL,Total,,4.00,4.00000,,,,,
FINPROTECTION_IMP_PG_190_STD,"Increase in poverty gap due to household health expenditures, expressed as a proportion of the $1.90 a day poverty line (%)",https://www.who.int/data/gho/indicator-metadata-registry/imr-details/4839,FPIND2007,source,,PUBLISHED,Published,,2007,2007,,SEAR,2007,2007,South-East Asia,,IND,India,,TOTL,Total,,1.10,1.10000,,,,,
FINPROTECTION_IMP_PG_190,"Increase in poverty gap due to household health expenditures at the $1.90 a day poverty line, in cents of international dollars",https://www.who.int/data/gho/indicator-metadata-registry/imr-details/4840,FPIND2007,source,,PUBLISHED,Published,,2007,2007,,SEAR,2007,2007,South-East Asia,,IND,India,,TOTL,Total,,2.10,2.10000,,,,,
FINPROTECTION_IMP_NP310_POP,Population pushed below the $3.20 a day poverty line by household health expenditures (%),https://www.who.int/data/gho/indicator-metadata-registry/imr-details/4841,FPIND2007,source,,PUBLISHED,Published,,2007,2007,,SEAR,2007,2007,South-East Asia,,IND,India,,TOTL,Total,,3.19,3.19000,,,,,
FINPROTECTION_IMP_NP310_POP,Population pushed below the $3.20 a day poverty line by household health expenditures (%),https://www.who.int/data/gho/indicator-metadata-registry/imr-details/4841,FPIND2007,source,,PUBLISHED,Published,,2007,2007,,SEAR,2007,2007,South-East Asia,,IND,India,,RUR,Rural,,3.24,3.24000,,,,,
FINPROTECTION_IMP_NP310_POP,Population pushed below the $3.20 a day poverty line by household health expenditures (%),https://www.who.int/data/gho/indicator-metadata-registry/imr-details/4841,FPIND2007,source,,PUBLISHED,Published,,2007,2007,,SEAR,2007,2007,South-East Asia,,IND,India,,URB,Urban,,3.04,3.04000,,,,,
FINPROTECTION_IMP_PG_310_STD,"Increase in poverty gap due to household health expenditures, expressed as a proportion of the $3.20 a day poverty line (%)",https://www.who.int/data/gho/indicator-metadata-registry/imr-details/4842,FPIND2007,source,,PUBLISHED,Published,,2007,2007,,SEAR,2007,2007,South-East Asia,,IND,India,,TOTL,Total,,2.17,2.17000,,,,,
FINPROTECTION_IMP_PG_310,"Increase in poverty gap due to household health expenditures at the $3.20 a day poverty line, in cents of international dollars",https://www.who.int/data/gho/indicator-metadata-registry/imr-details/4843,FPIND2007,source,,PUBLISHED,Published,,2007,2007,,SEAR,2007,2007,South-East Asia,,IND,India,,TOTL,Total,,6.95,6.95000,,,,,
FINPROTECTION_IMP_NPRELPL_POP,Population pushed below a relative poverty line by household health expenditures (60% of median daily per capita consumption or income) (%),https://www.who.int/data/gho/indicator-metadata-registry/imr-details/4892,FPIND2007,source,,PUBLISHED,Published,,2007,2007,,SEAR,2007,2007,South-East Asia,,IND,India,,TOTL,Total,,2.26,2.26000,,,,,
FINPROTECTION_IMP_PG_RELPL_STD,"Increase in poverty gap due to household health expenditures, expressed as a proportion of a relative poverty line (60% of median daily per capita consumption or income) (%)",https://www.who.int/data/gho/indicator-metadata-registry/imr-details/4891,FPIND2007,source,,PUBLISHED,Published,,2007,2007,,SEAR,2007,2007,South-East Asia,,IND,India,,TOTL,Total,,0.43,0.43000,,,,,
FINPROTECTION_CATA_TOT_10_POP,Population with household expenditures on health greater than 10% of total household expenditure or income (SDG indicator 3.8.2) (%),https://www.who.int/data/gho/indicator-metadata-registry/imr-details/4844,FPIND2009,source,,PUBLISHED,Published,,2009,2009,,SEAR,2009,2009,South-East Asia,,IND,India,,TOTL,Total,,13.31,13.31000,,,,,
FINPROTECTION_CATA_TOT_10_POP,Population with household expenditures on health greater than 10% of total household expenditure or income (SDG indicator 3.8.2) (%),https://www.who.int/data/gho/indicator-metadata-registry/imr-details/4844,FPIND2009,source,,PUBLISHED,Published,,2009,2009,,SEAR,2009,2009,South-East Asia,,IND,India,,RUR,Rural,,13.99,13.99000,,,,,
FINPROTECTION_CATA_TOT_10_POP,Population with household expenditures on health greater than 10% of total household expenditure or income (SDG indicator 3.8.2) (%),https://www.who.int/data/gho/indicator-metadata-registry/imr-details/4844,FPIND2009,source,,PUBLISHED,Published,,2009,2009,,SEAR,2009,2009,South-East Asia,,IND,India,,URB,Urban,,13.71,13.71000,,,,,
FINPROTECTION_CATA_TOT_25_POP,Population with household expenditures on health greater than 25% of total household expenditure or income (SDG indicator 3.8.2) (%),https://www.who.int/data/gho/indicator-metadata-registry/imr-details/4845,FPIND2009,source,,PUBLISHED,Published,,2009,2009,,SEAR,2009,2009,South-East Asia,,IND,India,,TOTL,Total,,2.76,2.76000,,,,,
FINPROTECTION_CATA_TOT_25_POP,Population with household expenditures on health greater than 25% of total household expenditure or income (SDG indicator 3.8.2) (%),https://www.who.int/data/gho/indicator-metadata-registry/imr-details/4845,FPIND2009,source,,PUBLISHED,Published,,2009,2009,,SEAR,2009,2009,South-East Asia,,IND,India,,RUR,Rural,,3.04,3.04000,,,,,
FINPROTECTION_CATA_TOT_25_POP,Population with household expenditures on health greater than 25% of total household expenditure or income (SDG indicator 3.8.2) (%),https://www.who.int/data/gho/indicator-metadata-registry/imr-details/4845,FPIND2009,source,,PUBLISHED,Published,,2009,2009,,SEAR,2009,2009,South-East Asia,,IND,India,,URB,Urban,,2.86,2.86000,,,,,
FINPROTECTION_IMP_NP190_POP,Population pushed below the $1.90 a day poverty line by household health expenditures (%),https://www.who.int/data/gho/indicator-metadata-registry/imr-details/4838,FPIND2009,source,,PUBLISHED,Published,,2009,2009,,SEAR,2009,2009,South-East Asia,,IND,India,,TOTL,Total,,3.62,3.62000,,,,,
FINPROTECTION_IMP_NP190_POP,Population pushed below the $1.90 a day poverty line by household health expenditures (%),https://www.who.int/data/gho/indicator-metadata-registry/imr-details/4838,FPIND2009,source,,PUBLISHED,Published,,2009,2009,,SEAR,2009,2009,South-East Asia,,IND,India,,RUR,Rural,,4.00,4.00000,,,,,
FINPROTECTION_IMP_NP190_POP,Population pushed below the $1.90 a day poverty line by household health expenditures (%),https://www.who.int/data/gho/indicator-metadata-registry/imr-details/4838,FPIND2009,source,,PUBLISHED,Published,,2009,2009,,SEAR,2009,2009,South-East Asia,,IND,India,,URB,Urban,,2.42,2.42000,,,,,
FINPROTECTION_IMP_PG_190_STD,"Increase in poverty gap due to household health expenditures, expressed as a proportion of the $1.90 a day poverty line (%)",https://www.who.int/data/gho/indicator-metadata-registry/imr-details/4839,FPIND2009,source,,PUBLISHED,Published,,2009,2009,,SEAR,2009,2009,South-East Asia,,IND,India,,TOTL,Total,,1.09,1.09000,,,,,
FINPROTECTION_IMP_PG_190_STD,"Increase in poverty gap due to household health expenditures, expressed as a proportion of the $1.90 a day poverty line (%)",https://www.who.int/data/gho/indicator-metadata-registry/imr-details/4839,FPIND2009,source,,PUBLISHED,Published,,2009,2009,,SEAR,2009,2009,South-East Asia,,IND,India,,RUR,Rural,,1.12,1.12000,,,,,
FINPROTECTION_IMP_PG_190_STD,"Increase in poverty gap due to household health expenditures, expressed as a proportion of the $1.90 a day poverty line (%)",https://www.who.int/data/gho/indicator-metadata-registry/imr-details/4839,FPIND2009,source,,PUBLISHED,Published,,2009,2009,,SEAR,2009,2009,South-East Asia,,IND,India,,URB,Urban,,0.63,0.63000,,,,,
FINPROTECTION_IMP_PG_190,"Increase in poverty gap due to household health expenditures at the $1.90 a day poverty line, in cents of international dollars",https://www.who.int/data/gho/indicator-metadata-registry/imr-details/4840,FPIND2009,source,,PUBLISHED,Published,,2009,2009,,SEAR,2009,2009,South-East Asia,,IND,India,,TOTL,Total,,2.08,2.08000,,,,,
FINPROTECTION_IMP_PG_190,"Increase in poverty gap due to household health expenditures at the $1.90 a day poverty line, in cents of international dollars",https://www.who.int/data/gho/indicator-metadata-registry/imr-details/4840,FPIND2009,source,,PUBLISHED,Published,,2009,2009,,SEAR,2009,2009,South-East Asia,,IND,India,,URB,Urban,,1.20,1.20000,,,,,
FINPROTECTION_IMP_PG_190,"Increase in poverty gap due to household health expenditures at the $1.90 a day poverty line, in cents of international dollars",https://www.who.int/data/gho/indicator-metadata-registry/imr-details/4840,FPIND2009,source,,PUBLISHED,Published,,2009,2009,,SEAR,2009,2009,South-East Asia,,IND,India,,RUR,Rural,,2.13,2.13000,,,,,
FINPROTECTION_IMP_NP310_POP,Population pushed below the $3.20 a day poverty line by household health expenditures (%),https://www.who.int/data/gho/indicator-metadata-registry/imr-details/4841,FPIND2009,source,,PUBLISHED,Published,,2009,2009,,SEAR,2009,2009,South-East Asia,,IND,India,,TOTL,Total,,3.23,3.23000,,,,,
FINPROTECTION_IMP_NP310_POP,Population pushed below the $3.20 a day poverty line by household health expenditures (%),https://www.who.int/data/gho/indicator-metadata-registry/imr-details/4841,FPIND2009,source,,PUBLISHED,Published,,2009,2009,,SEAR,2009,2009,South-East Asia,,IND,India,,RUR,Rural,,3.33,3.33000,,,,,
FINPROTECTION_IMP_NP310_POP,Population pushed below the $3.20 a day poverty line by household health expenditures (%),https://www.who.int/data/gho/indicator-metadata-registry/imr-details/4841,FPIND2009,source,,PUBLISHED,Published,,2009,2009,,SEAR,2009,2009,South-East Asia,,IND,India,,URB,Urban,,2.97,2.97000,,,,,
FINPROTECTION_IMP_PG_310_STD,"Increase in poverty gap due to household health expenditures, expressed as a proportion of the $3.20 a day poverty line (%)",https://www.who.int/data/gho/indicator-metadata-registry/imr-details/4842,FPIND2009,source,,PUBLISHED,Published,,2009,2009,,SEAR,2009,2009,South-East Asia,,IND,India,,TOTL,Total,,2.19,2.19000,,,,,
FINPROTECTION_IMP_PG_310_STD,"Increase in poverty gap due to household health expenditures, expressed as a proportion of the $3.20 a day poverty line (%)",https://www.who.int/data/gho/indicator-metadata-registry/imr-details/4842,FPIND2009,source,,PUBLISHED,Published,,2009,2009,,SEAR,2009,2009,South-East Asia,,IND,India,,RUR,Rural,,2.46,2.46000,,,,,
FINPROTECTION_IMP_PG_310_STD,"Increase in poverty gap due to household health expenditures, expressed as a proportion of the $3.20 a day poverty line (%)",https://www.who.int/data/gho/indicator-metadata-registry/imr-details/4842,FPIND2009,source,,PUBLISHED,Published,,2009,2009,,SEAR,2009,2009,South-East Asia,,IND,India,,URB,Urban,,1.63,1.63000,,,,,
FINPROTECTION_IMP_PG_310,"Increase in poverty gap due to household health expenditures at the $3.20 a day poverty line, in cents of international dollars",https://www.who.int/data/gho/indicator-metadata-registry/imr-details/4843,FPIND2009,source,,PUBLISHED,Published,,2009,2009,,SEAR,2009,2009,South-East Asia,,IND,India,,TOTL,Total,,7.01,7.01000,,,,,
FINPROTECTION_IMP_PG_310,"Increase in poverty gap due to household health expenditures at the $3.20 a day poverty line, in cents of international dollars",https://www.who.int/data/gho/indicator-metadata-registry/imr-details/4843,FPIND2009,source,,PUBLISHED,Published,,2009,2009,,SEAR,2009,2009,South-East Asia,,IND,India,,URB,Urban,,5.22,5.22000,,,,,
FINPROTECTION_IMP_PG_310,"Increase in poverty gap due to household health expenditures at the $3.20 a day poverty line, in cents of international dollars",https://www.who.int/data/gho/indicator-metadata-registry/imr-details/4843,FPIND2009,source,,PUBLISHED,Published,,2009,2009,,SEAR,2009,2009,South-East Asia,,IND,India,,RUR,Rural,,7.86,7.86000,,,,,
FINPROTECTION_IMP_NPRELPL_POP,Population pushed below a relative poverty line by household health expenditures (60% of median daily per capita consumption or income) (%),https://www.who.int/data/gho/indicator-metadata-registry/imr-details/4892,FPIND2009,source,,PUBLISHED,Published,,2009,2009,,SEAR,2009,2009,South-East Asia,,IND,India,,TOTL,Total,,2.26,2.26000,,,,,
FINPROTECTION_IMP_PG_RELPL_STD,"Increase in poverty gap due to household health expenditures, expressed as a proportion of a relative poverty line (60% of median daily per capita consumption or income) (%)",https://www.who.int/data/gho/indicator-metadata-registry/imr-details/4891,FPIND2009,source,,PUBLISHED,Published,,2009,2009,,SEAR,2009,2009,South-East Asia,,IND,India,,TOTL,Total,,0.46,0.46000,,,,,
FINPROTECTION_CATA_TOT_10_POP,Population with household expenditures on health greater than 10% of total household expenditure or income (SDG indicator 3.8.2) (%),https://www.who.int/data/gho/indicator-metadata-registry/imr-details/4844,FPIND2011,source,,PUBLISHED,Published,,2011,2011,,SEAR,2011,2011,South-East Asia,,IND,India,,TOTL,Total,,17.33,17.33000,,,,,
FINPROTECTION_CATA_TOT_10_POP,Population with household expenditures on health greater than 10% of total household expenditure or income (SDG indicator 3.8.2) (%),https://www.who.int/data/gho/indicator-metadata-registry/imr-details/4844,FPIND2011,source,,PUBLISHED,Published,,2011,2011,,SEAR,2011,2011,South-East Asia,,IND,India,,RUR,Rural,,18.45,18.45000,,,,,
FINPROTECTION_CATA_TOT_10_POP,Population with household expenditures on health greater than 10% of total household expenditure or income (SDG indicator 3.8.2) (%),https://www.who.int/data/gho/indicator-metadata-registry/imr-details/4844,FPIND2011,source,,PUBLISHED,Published,,2011,2011,,SEAR,2011,2011,South-East Asia,,IND,India,,URB,Urban,,16.69,16.69000,,,,,
FINPROTECTION_CATA_TOT_25_POP,Population with household expenditures on health greater than 25% of total household expenditure or income (SDG indicator 3.8.2) (%),https://www.who.int/data/gho/indicator-metadata-registry/imr-details/4845,FPIND2011,source,,PUBLISHED,Published,,2011,2011,,SEAR,2011,2011,South-East Asia,,IND,India,,TOTL,Total,,3.90,3.90000,,,,,
FINPROTECTION_CATA_TOT_25_POP,Population with household expenditures on health greater than 25% of total household expenditure or income (SDG indicator 3.8.2) (%),https://www.who.int/data/gho/indicator-metadata-registry/imr-details/4845,FPIND2011,source,,PUBLISHED,Published,,2011,2011,,SEAR,2011,2011,South-East Asia,,IND,India,,RUR,Rural,,4.34,4.34000,,,,,
FINPROTECTION_CATA_TOT_25_POP,Population with household expenditures on health greater than 25% of total household expenditure or income (SDG indicator 3.8.2) (%),https://www.who.int/data/gho/indicator-metadata-registry/imr-details/4845,FPIND2011,source,,PUBLISHED,Published,,2011,2011,,SEAR,2011,2011,South-East Asia,,IND,India,,URB,Urban,,3.63,3.63000,,,,,
FINPROTECTION_IMP_NP190_POP,Population pushed below the $1.90 a day poverty line by household health expenditures (%),https://www.who.int/data/gho/indicator-metadata-registry/imr-details/4838,FPIND2011,source,,PUBLISHED,Published,,2011,2011,,SEAR,2011,2011,South-East Asia,,IND,India,,TOTL,Total,,4.16,4.16000,,,,,
FINPROTECTION_IMP_NP190_POP,Population pushed below the $1.90 a day poverty line by household health expenditures (%),https://www.who.int/data/gho/indicator-metadata-registry/imr-details/4838,FPIND2011,source,,PUBLISHED,Published,,2011,2011,,SEAR,2011,2011,South-East Asia,,IND,India,,RUR,Rural,,4.37,4.37000,,,,,
FINPROTECTION_IMP_NP190_POP,Population pushed below the $1.90 a day poverty line by household health expenditures (%),https://www.who.int/data/gho/indicator-metadata-registry/imr-details/4838,FPIND2011,source,,PUBLISHED,Published,,2011,2011,,SEAR,2011,2011,South-East Asia,,IND,India,,URB,Urban,,2.26,2.26000,,,,,
FINPROTECTION_IMP_PG_190_STD,"Increase in poverty gap due to household health expenditures, expressed as a proportion of the $1.90 a day poverty line (%)",https://www.who.int/data/gho/indicator-metadata-registry/imr-details/4839,FPIND2011,source,,PUBLISHED,Published,,2011,2011,,SEAR,2011,2011,South-East Asia,,IND,India,,TOTL,Total,,1.12,1.12000,,,,,
FINPROTECTION_IMP_PG_190_STD,"Increase in poverty gap due to household health expenditures, expressed as a proportion of the $1.90 a day poverty line (%)",https://www.who.int/data/gho/indicator-metadata-registry/imr-details/4839,FPIND2011,source,,PUBLISHED,Published,,2011,2011,,SEAR,2011,2011,South-East Asia,,IND,India,,RUR,Rural,,1.10,1.10000,,,,,
FINPROTECTION_IMP_PG_190_STD,"Increase in poverty gap due to household health expenditures, expressed as a proportion of the $1.90 a day poverty line (%)",https://www.who.int/data/gho/indicator-metadata-registry/imr-details/4839,FPIND2011,source,,PUBLISHED,Published,,2011,2011,,SEAR,2011,2011,South-East Asia,,IND,India,,URB,Urban,,0.53,0.53000,,,,,
FINPROTECTION_IMP_PG_190,"Increase in poverty gap due to household health expenditures at the $1.90 a day poverty line, in cents of international dollars",https://www.who.int/data/gho/indicator-metadata-registry/imr-details/4840,FPIND2011,source,,PUBLISHED,Published,,2011,2011,,SEAR,2011,2011,South-East Asia,,IND,India,,TOTL,Total,,2.13,2.13000,,,,,
FINPROTECTION_IMP_PG_190,"Increase in poverty gap due to household health expenditures at the $1.90 a day poverty line, in cents of international dollars",https://www.who.int/data/gho/indicator-metadata-registry/imr-details/4840,FPIND2011,source,,PUBLISHED,Published,,2011,2011,,SEAR,2011,2011,South-East Asia,,IND,India,,URB,Urban,,1.01,1.01000,,,,,
FINPROTECTION_IMP_PG_190,"Increase in poverty gap due to household health expenditures at the $1.90 a day poverty line, in cents of international dollars",https://www.who.int/data/gho/indicator-metadata-registry/imr-details/4840,FPIND2011,source,,PUBLISHED,Published,,2011,2011,,SEAR,2011,2011,South-East Asia,,IND,India,,RUR,Rural,,2.09,2.09000,,,,,
FINPROTECTION_IMP_NP310_POP,Population pushed below the $3.20 a day poverty line by household health expenditures (%),https://www.who.int/data/gho/indicator-metadata-registry/imr-details/4841,FPIND2011,source,,PUBLISHED,Published,,2011,2011,,SEAR,2011,2011,South-East Asia,,IND,India,,TOTL,Total,,4.44,4.44000,,,,,
FINPROTECTION_IMP_NP310_POP,Population pushed below the $3.20 a day poverty line by household health expenditures (%),https://www.who.int/data/gho/indicator-metadata-registry/imr-details/4841,FPIND2011,source,,PUBLISHED,Published,,2011,2011,,SEAR,2011,2011,South-East Asia,,IND,India,,RUR,Rural,,4.71,4.71000,,,,,
FINPROTECTION_IMP_NP310_POP,Population pushed below the $3.20 a day poverty line by household health expenditures (%),https://www.who.int/data/gho/indicator-metadata-registry/imr-details/4841,FPIND2011,source,,PUBLISHED,Published,,2011,2011,,SEAR,2011,2011,South-East Asia,,IND,India,,URB,Urban,,3.76,3.76000,,,,,
FINPROTECTION_IMP_PG_310_STD,"Increase in poverty gap due to household health expenditures, expressed as a proportion of the $3.20 a day poverty line (%)",https://www.who.int/data/gho/indicator-metadata-registry/imr-details/4842,FPIND2011,source,,PUBLISHED,Published,,2011,2011,,SEAR,2011,2011,South-East Asia,,IND,India,,TOTL,Total,,2.54,2.54000,,,,,
FINPROTECTION_IMP_PG_310_STD,"Increase in poverty gap due to household health expenditures, expressed as a proportion of the $3.20 a day poverty line (%)",https://www.who.int/data/gho/indicator-metadata-registry/imr-details/4842,FPIND2011,source,,PUBLISHED,Published,,2011,2011,,SEAR,2011,2011,South-East Asia,,IND,India,,RUR,Rural,,2.86,2.86000,,,,,
FINPROTECTION_IMP_PG_310_STD,"Increase in poverty gap due to household health expenditures, expressed as a proportion of the $3.20 a day poverty line (%)",https://www.who.int/data/gho/indicator-metadata-registry/imr-details/4842,FPIND2011,source,,PUBLISHED,Published,,2011,2011,,SEAR,2011,2011,South-East Asia,,IND,India,,URB,Urban,,1.75,1.75000,,,,,
FINPROTECTION_IMP_PG_310,"Increase in poverty gap due to household health expenditures at the $3.20 a day poverty line, in cents of international dollars",https://www.who.int/data/gho/indicator-metadata-registry/imr-details/4843,FPIND2011,source,,PUBLISHED,Published,,2011,2011,,SEAR,2011,2011,South-East Asia,,IND,India,,TOTL,Total,,8.14,8.14000,,,,,
FINPROTECTION_IMP_PG_310,"Increase in poverty gap due to household health expenditures at the $3.20 a day poverty line, in cents of international dollars",https://www.who.int/data/gho/indicator-metadata-registry/imr-details/4843,FPIND2011,source,,PUBLISHED,Published,,2011,2011,,SEAR,2011,2011,South-East Asia,,IND,India,,URB,Urban,,5.60,5.60000,,,,,
FINPROTECTION_IMP_PG_310,"Increase in poverty gap due to household health expenditures at the $3.20 a day poverty line, in cents of international dollars",https://www.who.int/data/gho/indicator-metadata-registry/imr-details/4843,FPIND2011,source,,PUBLISHED,Published,,2011,2011,,SEAR,2011,2011,South-East Asia,,IND,India,,RUR,Rural,,9.14,9.14000,,,,,
FINPROTECTION_IMP_NPRELPL_POP,Population pushed below a relative poverty line by household health expenditures (60% of median daily per capita consumption or income) (%),https://www.who.int/data/gho/indicator-metadata-registry/imr-details/4892,FPIND2011,source,,PUBLISHED,Published,,2011,2011,,SEAR,2011,2011,South-East Asia,,IND,India,,TOTL,Total,,3.23,3.23000,,,,,
FINPROTECTION_IMP_PG_RELPL_STD,"Increase in poverty gap due to household health expenditures, expressed as a proportion of a relative poverty line (60% of median daily per capita consumption or income) (%)",https://www.who.int/data/gho/indicator-metadata-registry/imr-details/4891,FPIND2011,source,,PUBLISHED,Published,,2011,2011,,SEAR,2011,2011,South-East Asia,,IND,India,,TOTL,Total,,0.68,0.68000,,,,,
