GHO (CODE),GHO (DISPLAY),GHO (URL),DATASOURCE (CODE),DATASOURCE (DISPLAY),DATASOURCE (URL),PUBLISHSTATE (CODE),PUBLISHSTATE (DISPLAY),PUBLISHSTATE (URL),YEAR (CODE),YEAR (DISPLAY),YEAR (URL),REGION (CODE),STARTYEAR,ENDYEAR,REGION (DISPLAY),REGION (URL),WORLDBANKINCOMEGROUP (CODE),WORLDBANKINCOMEGROUP (DISPLAY),WORLDBANKINCOMEGROUP (URL),COUNTRY (CODE),COUNTRY (DISPLAY),COUNTRY (URL),Display Value,Numeric,Low,High,StdErr,StdDev,Comments
#indicator+code,#indicator+name,#indicator+url,,#meta+source,,#status+code,#status+name,,,#date+year,,#region+code,#date+year+start,#date+year+end,#region+name,,,,,#country+code,#country+name,,,#indicator+value+num,,,,,
WHS7_103,Private prepaid plans as a percentage of private expenditure on health,https://www.who.int/data/gho/indicator-metadata-registry/imr-details/120,NHA_IND,India note,,PUBLISHED,Published,,1995,1995,,SEAR,1995,1995,South-East Asia,,WB_LMI,Lower-middle-income,,IND,India,,1.13,1.12972,,,,,
WHS7_103,Private prepaid plans as a percentage of private expenditure on health,https://www.who.int/data/gho/indicator-metadata-registry/imr-details/120,NHA_IND,India note,,PUBLISHED,Published,,1996,1996,,SEAR,1996,1996,South-East Asia,,WB_LMI,Lower-middle-income,,IND,India,,1.18,1.18207,,,,,
WHS7_103,Private prepaid plans as a percentage of private expenditure on health,https://www.who.int/data/gho/indicator-metadata-registry/imr-details/120,NHA_IND,India note,,PUBLISHED,Published,,1997,1997,,SEAR,1997,1997,South-East Asia,,WB_LMI,Lower-middle-income,,IND,India,,1.06,1.05744,,,,,
WHS7_103,Private prepaid plans as a percentage of private expenditure on health,https://www.who.int/data/gho/indicator-metadata-registry/imr-details/120,NHA_IND,India note,,PUBLISHED,Published,,1998,1998,,SEAR,1998,1998,South-East Asia,,WB_LMI,Lower-middle-income,,IND,India,,1.07,1.06580,,,,,
WHS7_103,Private prepaid plans as a percentage of private expenditure on health,https://www.who.int/data/gho/indicator-metadata-registry/imr-details/120,NHA_IND,India note,,PUBLISHED,Published,,1999,1999,,SEAR,1999,1999,South-East Asia,,WB_LMI,Lower-middle-income,,IND,India,,1.17,1.17053,,,,,
WHS7_103,Private prepaid plans as a percentage of private expenditure on health,https://www.who.int/data/gho/indicator-metadata-registry/imr-details/120,NHA_IND,India note,,PUBLISHED,Published,,2000,2000,,SEAR,2000,2000,South-East Asia,,WB_LMI,Lower-middle-income,,IND,India,,1.07,1.06752,,,,,
WHS7_103,Private prepaid plans as a percentage of private expenditure on health,https://www.who.int/data/gho/indicator-metadata-registry/imr-details/120,NHA_IND,India note,,PUBLISHED,Published,,2001,2001,,SEAR,2001,2001,South-East Asia,,WB_LMI,Lower-middle-income,,IND,India,,1.00,0.99646,,,,,
WHS7_103,Private prepaid plans as a percentage of private expenditure on health,https://www.who.int/data/gho/indicator-metadata-registry/imr-details/120,NHA_IND,India note,,PUBLISHED,Published,,2002,2002,,SEAR,2002,2002,South-East Asia,,WB_LMI,Lower-middle-income,,IND,India,,1.45,1.44973,,,,,
WHS7_103,Private prepaid plans as a percentage of private expenditure on health,https://www.who.int/data/gho/indicator-metadata-registry/imr-details/120,NHA_IND,India note,,PUBLISHED,Published,,2003,2003,,SEAR,2003,2003,South-East Asia,,WB_LMI,Lower-middle-income,,IND,India,,1.81,1.80607,,,,,
WHS7_103,Private prepaid plans as a percentage of private expenditure on health,https://www.who.int/data/gho/indicator-metadata-registry/imr-details/120,NHA_IND,India note,,PUBLISHED,Published,,2004,2004,,SEAR,2004,2004,South-East Asia,,WB_LMI,Lower-middle-income,,IND,India,,2.10,2.09546,,,,,
WHS7_103,Private prepaid plans as a percentage of private expenditure on health,https://www.who.int/data/gho/indicator-metadata-registry/imr-details/120,NHA_IND,India note,,PUBLISHED,Published,,2005,2005,,SEAR,2005,2005,South-East Asia,,WB_LMI,Lower-middle-income,,IND,India,,1.91,1.91125,,,,,
WHS7_103,Private prepaid plans as a percentage of private expenditure on health,https://www.who.int/data/gho/indicator-metadata-registry/imr-details/120,NHA_IND,India note,,PUBLISHED,Published,,2006,2006,,SEAR,2006,2006,South-East Asia,,WB_LMI,Lower-middle-income,,IND,India,,2.38,2.38237,,,,,
WHS7_103,Private prepaid plans as a percentage of private expenditure on health,https://www.who.int/data/gho/indicator-metadata-registry/imr-details/120,NHA_IND,India note,,PUBLISHED,Published,,2007,2007,,SEAR,2007,2007,South-East Asia,,WB_LMI,Lower-middle-income,,IND,India,,3.29,3.28640,,,,,
WHS7_103,Private prepaid plans as a percentage of private expenditure on health,https://www.who.int/data/gho/indicator-metadata-registry/imr-details/120,NHA_IND,India note,,PUBLISHED,Published,,2008,2008,,SEAR,2008,2008,South-East Asia,,WB_LMI,Lower-middle-income,,IND,India,,3.70,3.70438,,,,,
WHS7_103,Private prepaid plans as a percentage of private expenditure on health,https://www.who.int/data/gho/indicator-metadata-registry/imr-details/120,NHA_IND,India note,,PUBLISHED,Published,,2009,2009,,SEAR,2009,2009,South-East Asia,,WB_LMI,Lower-middle-income,,IND,India,,3.65,3.64846,,,,,
WHS7_103,Private prepaid plans as a percentage of private expenditure on health,https://www.who.int/data/gho/indicator-metadata-registry/imr-details/120,NHA_IND,India note,,PUBLISHED,Published,,2010,2010,,SEAR,2010,2010,South-East Asia,,WB_LMI,Lower-middle-income,,IND,India,,4.45,4.44760,,,,,
WHS7_103,Private prepaid plans as a percentage of private expenditure on health,https://www.who.int/data/gho/indicator-metadata-registry/imr-details/120,NHA_IND,India note,,PUBLISHED,Published,,2011,2011,,SEAR,2011,2011,South-East Asia,,WB_LMI,Lower-middle-income,,IND,India,,3.05,3.04932,,,,,
WHS7_103,Private prepaid plans as a percentage of private expenditure on health,https://www.who.int/data/gho/indicator-metadata-registry/imr-details/120,NHA_IND,India note,,PUBLISHED,Published,,2012,2012,,SEAR,2012,2012,South-East Asia,,WB_LMI,Lower-middle-income,,IND,India,,2.74,2.74340,,,,,
WHS7_103,Private prepaid plans as a percentage of private expenditure on health,https://www.who.int/data/gho/indicator-metadata-registry/imr-details/120,NHA_IND,India note,,PUBLISHED,Published,,2013,2013,,SEAR,2013,2013,South-East Asia,,WB_LMI,Lower-middle-income,,IND,India,,2.54,2.53596,,,,,
WHS7_103,Private prepaid plans as a percentage of private expenditure on health,https://www.who.int/data/gho/indicator-metadata-registry/imr-details/120,NHA_IND,India note,,PUBLISHED,Published,,2014,2014,,SEAR,2014,2014,South-East Asia,,WB_LMI,Lower-middle-income,,IND,India,,2.54,2.53813,,,,,
WHS7_104,Per capita government expenditure on health at average exchange rate (US$),https://www.who.int/data/gho/indicator-metadata-registry/imr-details/109,NHA_IND,India note,,PUBLISHED,Published,,1995,1995,,SEAR,1995,1995,South-East Asia,,WB_LMI,Lower-middle-income,,IND,India,,4.14,4.13987,,,,,
WHS7_104,Per capita government expenditure on health at average exchange rate (US$),https://www.who.int/data/gho/indicator-metadata-registry/imr-details/109,NHA_IND,India note,,PUBLISHED,Published,,1996,1996,,SEAR,1996,1996,South-East Asia,,WB_LMI,Lower-middle-income,,IND,India,,4.12,4.11767,,,,,
WHS7_104,Per capita government expenditure on health at average exchange rate (US$),https://www.who.int/data/gho/indicator-metadata-registry/imr-details/109,NHA_IND,India note,,PUBLISHED,Published,,1997,1997,,SEAR,1997,1997,South-East Asia,,WB_LMI,Lower-middle-income,,IND,India,,4.65,4.65432,,,,,
WHS7_104,Per capita government expenditure on health at average exchange rate (US$),https://www.who.int/data/gho/indicator-metadata-registry/imr-details/109,NHA_IND,India note,,PUBLISHED,Published,,1998,1998,,SEAR,1998,1998,South-East Asia,,WB_LMI,Lower-middle-income,,IND,India,,4.75,4.74896,,,,,
WHS7_104,Per capita government expenditure on health at average exchange rate (US$),https://www.who.int/data/gho/indicator-metadata-registry/imr-details/109,NHA_IND,India note,,PUBLISHED,Published,,1999,1999,,SEAR,1999,1999,South-East Asia,,WB_LMI,Lower-middle-income,,IND,India,,5.13,5.13239,,,,,
WHS7_104,Per capita government expenditure on health at average exchange rate (US$),https://www.who.int/data/gho/indicator-metadata-registry/imr-details/109,NHA_IND,India note,,PUBLISHED,Published,,2000,2000,,SEAR,2000,2000,South-East Asia,,WB_LMI,Lower-middle-income,,IND,India,,5.12,5.11615,,,,,
WHS7_104,Per capita government expenditure on health at average exchange rate (US$),https://www.who.int/data/gho/indicator-metadata-registry/imr-details/109,NHA_IND,India note,,PUBLISHED,Published,,2001,2001,,SEAR,2001,2001,South-East Asia,,WB_LMI,Lower-middle-income,,IND,India,,5.02,5.02108,,,,,
WHS7_104,Per capita government expenditure on health at average exchange rate (US$),https://www.who.int/data/gho/indicator-metadata-registry/imr-details/109,NHA_IND,India note,,PUBLISHED,Published,,2002,2002,,SEAR,2002,2002,South-East Asia,,WB_LMI,Lower-middle-income,,IND,India,,4.91,4.90932,,,,,
WHS7_104,Per capita government expenditure on health at average exchange rate (US$),https://www.who.int/data/gho/indicator-metadata-registry/imr-details/109,NHA_IND,India note,,PUBLISHED,Published,,2003,2003,,SEAR,2003,2003,South-East Asia,,WB_LMI,Lower-middle-income,,IND,India,,5.42,5.42050,,,,,
WHS7_104,Per capita government expenditure on health at average exchange rate (US$),https://www.who.int/data/gho/indicator-metadata-registry/imr-details/109,NHA_IND,India note,,PUBLISHED,Published,,2004,2004,,SEAR,2004,2004,South-East Asia,,WB_LMI,Lower-middle-income,,IND,India,,6.50,6.49569,,,,,
WHS7_104,Per capita government expenditure on health at average exchange rate (US$),https://www.who.int/data/gho/indicator-metadata-registry/imr-details/109,NHA_IND,India note,,PUBLISHED,Published,,2005,2005,,SEAR,2005,2005,South-East Asia,,WB_LMI,Lower-middle-income,,IND,India,,8.30,8.30130,,,,,
WHS7_104,Per capita government expenditure on health at average exchange rate (US$),https://www.who.int/data/gho/indicator-metadata-registry/imr-details/109,NHA_IND,India note,,PUBLISHED,Published,,2006,2006,,SEAR,2006,2006,South-East Asia,,WB_LMI,Lower-middle-income,,IND,India,,9.06,9.05922,,,,,
WHS7_104,Per capita government expenditure on health at average exchange rate (US$),https://www.who.int/data/gho/indicator-metadata-registry/imr-details/109,NHA_IND,India note,,PUBLISHED,Published,,2007,2007,,SEAR,2007,2007,South-East Asia,,WB_LMI,Lower-middle-income,,IND,India,,11.24,11.24232,,,,,
WHS7_104,Per capita government expenditure on health at average exchange rate (US$),https://www.who.int/data/gho/indicator-metadata-registry/imr-details/109,NHA_IND,India note,,PUBLISHED,Published,,2008,2008,,SEAR,2008,2008,South-East Asia,,WB_LMI,Lower-middle-income,,IND,India,,12.57,12.57001,,,,,
WHS7_104,Per capita government expenditure on health at average exchange rate (US$),https://www.who.int/data/gho/indicator-metadata-registry/imr-details/109,NHA_IND,India note,,PUBLISHED,Published,,2009,2009,,SEAR,2009,2009,South-East Asia,,WB_LMI,Lower-middle-income,,IND,India,,13.46,13.45731,,,,,
WHS7_104,Per capita government expenditure on health at average exchange rate (US$),https://www.who.int/data/gho/indicator-metadata-registry/imr-details/109,NHA_IND,India note,,PUBLISHED,Published,,2010,2010,,SEAR,2010,2010,South-East Asia,,WB_LMI,Lower-middle-income,,IND,India,,16.06,16.05585,,,,,
WHS7_104,Per capita government expenditure on health at average exchange rate (US$),https://www.who.int/data/gho/indicator-metadata-registry/imr-details/109,NHA_IND,India note,,PUBLISHED,Published,,2011,2011,,SEAR,2011,2011,South-East Asia,,WB_LMI,Lower-middle-income,,IND,India,,17.83,17.83088,,,,,
WHS7_104,Per capita government expenditure on health at average exchange rate (US$),https://www.who.int/data/gho/indicator-metadata-registry/imr-details/109,NHA_IND,India note,,PUBLISHED,Published,,2012,2012,,SEAR,2012,2012,South-East Asia,,WB_LMI,Lower-middle-income,,IND,India,,17.51,17.51286,,,,,
WHS7_104,Per capita government expenditure on health at average exchange rate (US$),https://www.who.int/data/gho/indicator-metadata-registry/imr-details/109,NHA_IND,India note,,PUBLISHED,Published,,2013,2013,,SEAR,2013,2013,South-East Asia,,WB_LMI,Lower-middle-income,,IND,India,,19.47,19.47266,,,,,
WHS7_104,Per capita government expenditure on health at average exchange rate (US$),https://www.who.int/data/gho/indicator-metadata-registry/imr-details/109,NHA_IND,India note,,PUBLISHED,Published,,2014,2014,,SEAR,2014,2014,South-East Asia,,WB_LMI,Lower-middle-income,,IND,India,,22.53,22.52577,,,,,
WHS7_105,Per capita total expenditure on health (PPP int. $),https://www.who.int/data/gho/indicator-metadata-registry/imr-details/110,NHA_IND,India note,,PUBLISHED,Published,,1995,1995,,SEAR,1995,1995,South-East Asia,,WB_LMI,Lower-middle-income,,IND,India,,60.31,60.30681,,,,,
WHS7_105,Per capita total expenditure on health (PPP int. $),https://www.who.int/data/gho/indicator-metadata-registry/imr-details/110,NHA_IND,India note,,PUBLISHED,Published,,1996,1996,,SEAR,1996,1996,South-East Asia,,WB_LMI,Lower-middle-income,,IND,India,,62.84,62.84073,,,,,
WHS7_105,Per capita total expenditure on health (PPP int. $),https://www.who.int/data/gho/indicator-metadata-registry/imr-details/110,NHA_IND,India note,,PUBLISHED,Published,,1997,1997,,SEAR,1997,1997,South-East Asia,,WB_LMI,Lower-middle-income,,IND,India,,71.15,71.14965,,,,,
WHS7_105,Per capita total expenditure on health (PPP int. $),https://www.who.int/data/gho/indicator-metadata-registry/imr-details/110,NHA_IND,India note,,PUBLISHED,Published,,1998,1998,,SEAR,1998,1998,South-East Asia,,WB_LMI,Lower-middle-income,,IND,India,,75.82,75.82378,,,,,
WHS7_105,Per capita total expenditure on health (PPP int. $),https://www.who.int/data/gho/indicator-metadata-registry/imr-details/110,NHA_IND,India note,,PUBLISHED,Published,,1999,1999,,SEAR,1999,1999,South-East Asia,,WB_LMI,Lower-middle-income,,IND,India,,77.11,77.11339,,,,,
WHS7_105,Per capita total expenditure on health (PPP int. $),https://www.who.int/data/gho/indicator-metadata-registry/imr-details/110,NHA_IND,India note,,PUBLISHED,Published,,2000,2000,,SEAR,2000,2000,South-East Asia,,WB_LMI,Lower-middle-income,,IND,India,,85.21,85.21069,,,,,
WHS7_105,Per capita total expenditure on health (PPP int. $),https://www.who.int/data/gho/indicator-metadata-registry/imr-details/110,NHA_IND,India note,,PUBLISHED,Published,,2001,2001,,SEAR,2001,2001,South-East Asia,,WB_LMI,Lower-middle-income,,IND,India,,94.69,94.68936,,,,,
WHS7_105,Per capita total expenditure on health (PPP int. $),https://www.who.int/data/gho/indicator-metadata-registry/imr-details/110,NHA_IND,India note,,PUBLISHED,Published,,2002,2002,,SEAR,2002,2002,South-East Asia,,WB_LMI,Lower-middle-income,,IND,India,,96.04,96.04217,,,,,
WHS7_105,Per capita total expenditure on health (PPP int. $),https://www.who.int/data/gho/indicator-metadata-registry/imr-details/110,NHA_IND,India note,,PUBLISHED,Published,,2003,2003,,SEAR,2003,2003,South-East Asia,,WB_LMI,Lower-middle-income,,IND,India,,101.46,101.45564,,,,,
WHS7_105,Per capita total expenditure on health (PPP int. $),https://www.who.int/data/gho/indicator-metadata-registry/imr-details/110,NHA_IND,India note,,PUBLISHED,Published,,2004,2004,,SEAR,2004,2004,South-East Asia,,WB_LMI,Lower-middle-income,,IND,India,,108.73,108.73348,,,,,
WHS7_105,Per capita total expenditure on health (PPP int. $),https://www.who.int/data/gho/indicator-metadata-registry/imr-details/110,NHA_IND,India note,,PUBLISHED,Published,,2005,2005,,SEAR,2005,2005,South-East Asia,,WB_LMI,Lower-middle-income,,IND,India,,122.51,122.50812,,,,,
WHS7_105,Per capita total expenditure on health (PPP int. $),https://www.who.int/data/gho/indicator-metadata-registry/imr-details/110,NHA_IND,India note,,PUBLISHED,Published,,2006,2006,,SEAR,2006,2006,South-East Asia,,WB_LMI,Lower-middle-income,,IND,India,,134.73,134.73477,,,,,
WHS7_105,Per capita total expenditure on health (PPP int. $),https://www.who.int/data/gho/indicator-metadata-registry/imr-details/110,NHA_IND,India note,,PUBLISHED,Published,,2007,2007,,SEAR,2007,2007,South-East Asia,,WB_LMI,Lower-middle-income,,IND,India,,148.90,148.90236,,,,,
WHS7_105,Per capita total expenditure on health (PPP int. $),https://www.who.int/data/gho/indicator-metadata-registry/imr-details/110,NHA_IND,India note,,PUBLISHED,Published,,2008,2008,,SEAR,2008,2008,South-East Asia,,WB_LMI,Lower-middle-income,,IND,India,,159.59,159.59438,,,,,
WHS7_105,Per capita total expenditure on health (PPP int. $),https://www.who.int/data/gho/indicator-metadata-registry/imr-details/110,NHA_IND,India note,,PUBLISHED,Published,,2009,2009,,SEAR,2009,2009,South-East Asia,,WB_LMI,Lower-middle-income,,IND,India,,173.42,173.42040,,,,,
WHS7_105,Per capita total expenditure on health (PPP int. $),https://www.who.int/data/gho/indicator-metadata-registry/imr-details/110,NHA_IND,India note,,PUBLISHED,Published,,2010,2010,,SEAR,2010,2010,South-East Asia,,WB_LMI,Lower-middle-income,,IND,India,,186.72,186.71596,,,,,
WHS7_105,Per capita total expenditure on health (PPP int. $),https://www.who.int/data/gho/indicator-metadata-registry/imr-details/110,NHA_IND,India note,,PUBLISHED,Published,,2011,2011,,SEAR,2011,2011,South-East Asia,,WB_LMI,Lower-middle-income,,IND,India,,202.95,202.95182,,,,,
WHS7_105,Per capita total expenditure on health (PPP int. $),https://www.who.int/data/gho/indicator-metadata-registry/imr-details/110,NHA_IND,India note,,PUBLISHED,Published,,2012,2012,,SEAR,2012,2012,South-East Asia,,WB_LMI,Lower-middle-income,,IND,India,,217.18,217.18430,,,,,
WHS7_105,Per capita total expenditure on health (PPP int. $),https://www.who.int/data/gho/indicator-metadata-registry/imr-details/110,NHA_IND,India note,,PUBLISHED,Published,,2013,2013,,SEAR,2013,2013,South-East Asia,,WB_LMI,Lower-middle-income,,IND,India,,240.12,240.12451,,,,,
WHS7_105,Per capita total expenditure on health (PPP int. $),https://www.who.int/data/gho/indicator-metadata-registry/imr-details/110,NHA_IND,India note,,PUBLISHED,Published,,2014,2014,,SEAR,2014,2014,South-East Asia,,WB_LMI,Lower-middle-income,,IND,India,,267.41,267.40863,,,,,
WHS7_108,Per capita government expenditure on health (PPP int. $),https://www.who.int/data/gho/indicator-metadata-registry/imr-details/108,NHA_IND,India note,,PUBLISHED,Published,,1995,1995,,SEAR,1995,1995,South-East Asia,,WB_LMI,Lower-middle-income,,IND,India,,15.78,15.77982,,,,,
WHS7_108,Per capita government expenditure on health (PPP int. $),https://www.who.int/data/gho/indicator-metadata-registry/imr-details/108,NHA_IND,India note,,PUBLISHED,Published,,1996,1996,,SEAR,1996,1996,South-East Asia,,WB_LMI,Lower-middle-income,,IND,India,,16.23,16.23361,,,,,
WHS7_108,Per capita government expenditure on health (PPP int. $),https://www.who.int/data/gho/indicator-metadata-registry/imr-details/108,NHA_IND,India note,,PUBLISHED,Published,,1997,1997,,SEAR,1997,1997,South-East Asia,,WB_LMI,Lower-middle-income,,IND,India,,17.96,17.96358,,,,,
WHS7_108,Per capita government expenditure on health (PPP int. $),https://www.who.int/data/gho/indicator-metadata-registry/imr-details/108,NHA_IND,India note,,PUBLISHED,Published,,1998,1998,,SEAR,1998,1998,South-East Asia,,WB_LMI,Lower-middle-income,,IND,India,,19.49,19.49016,,,,,
WHS7_108,Per capita government expenditure on health (PPP int. $),https://www.who.int/data/gho/indicator-metadata-registry/imr-details/108,NHA_IND,India note,,PUBLISHED,Published,,1999,1999,,SEAR,1999,1999,South-East Asia,,WB_LMI,Lower-middle-income,,IND,India,,21.65,21.65271,,,,,
WHS7_108,Per capita government expenditure on health (PPP int. $),https://www.who.int/data/gho/indicator-metadata-registry/imr-details/108,NHA_IND,India note,,PUBLISHED,Published,,2000,2000,,SEAR,2000,2000,South-East Asia,,WB_LMI,Lower-middle-income,,IND,India,,22.23,22.23205,,,,,
WHS7_108,Per capita government expenditure on health (PPP int. $),https://www.who.int/data/gho/indicator-metadata-registry/imr-details/108,NHA_IND,India note,,PUBLISHED,Published,,2001,2001,,SEAR,2001,2001,South-East Asia,,WB_LMI,Lower-middle-income,,IND,India,,22.70,22.70089,,,,,
WHS7_108,Per capita government expenditure on health (PPP int. $),https://www.who.int/data/gho/indicator-metadata-registry/imr-details/108,NHA_IND,India note,,PUBLISHED,Published,,2002,2002,,SEAR,2002,2002,South-East Asia,,WB_LMI,Lower-middle-income,,IND,India,,22.38,22.38464,,,,,
WHS7_108,Per capita government expenditure on health (PPP int. $),https://www.who.int/data/gho/indicator-metadata-registry/imr-details/108,NHA_IND,India note,,PUBLISHED,Published,,2003,2003,,SEAR,2003,2003,South-East Asia,,WB_LMI,Lower-middle-income,,IND,India,,23.26,23.25751,,,,,
WHS7_108,Per capita government expenditure on health (PPP int. $),https://www.who.int/data/gho/indicator-metadata-registry/imr-details/108,NHA_IND,India note,,PUBLISHED,Published,,2004,2004,,SEAR,2004,2004,South-East Asia,,WB_LMI,Lower-middle-income,,IND,India,,26.35,26.34978,,,,,
WHS7_108,Per capita government expenditure on health (PPP int. $),https://www.who.int/data/gho/indicator-metadata-registry/imr-details/108,NHA_IND,India note,,PUBLISHED,Published,,2005,2005,,SEAR,2005,2005,South-East Asia,,WB_LMI,Lower-middle-income,,IND,India,,32.45,32.44982,,,,,
WHS7_108,Per capita government expenditure on health (PPP int. $),https://www.who.int/data/gho/indicator-metadata-registry/imr-details/108,NHA_IND,India note,,PUBLISHED,Published,,2006,2006,,SEAR,2006,2006,South-East Asia,,WB_LMI,Lower-middle-income,,IND,India,,35.24,35.23643,,,,,
WHS7_108,Per capita government expenditure on health (PPP int. $),https://www.who.int/data/gho/indicator-metadata-registry/imr-details/108,NHA_IND,India note,,PUBLISHED,Published,,2007,2007,,SEAR,2007,2007,South-East Asia,,WB_LMI,Lower-middle-income,,IND,India,,38.74,38.73937,,,,,
WHS7_108,Per capita government expenditure on health (PPP int. $),https://www.who.int/data/gho/indicator-metadata-registry/imr-details/108,NHA_IND,India note,,PUBLISHED,Published,,2008,2008,,SEAR,2008,2008,South-East Asia,,WB_LMI,Lower-middle-income,,IND,India,,42.76,42.76236,,,,,
WHS7_108,Per capita government expenditure on health (PPP int. $),https://www.who.int/data/gho/indicator-metadata-registry/imr-details/108,NHA_IND,India note,,PUBLISHED,Published,,2009,2009,,SEAR,2009,2009,South-East Asia,,WB_LMI,Lower-middle-income,,IND,India,,48.39,48.38985,,,,,
WHS7_108,Per capita government expenditure on health (PPP int. $),https://www.who.int/data/gho/indicator-metadata-registry/imr-details/108,NHA_IND,India note,,PUBLISHED,Published,,2010,2010,,SEAR,2010,2010,South-East Asia,,WB_LMI,Lower-middle-income,,IND,India,,50.65,50.65336,,,,,
WHS7_108,Per capita government expenditure on health (PPP int. $),https://www.who.int/data/gho/indicator-metadata-registry/imr-details/108,NHA_IND,India note,,PUBLISHED,Published,,2011,2011,,SEAR,2011,2011,South-East Asia,,WB_LMI,Lower-middle-income,,IND,India,,55.08,55.07655,,,,,
WHS7_108,Per capita government expenditure on health (PPP int. $),https://www.who.int/data/gho/indicator-metadata-registry/imr-details/108,NHA_IND,India note,,PUBLISHED,Published,,2012,2012,,SEAR,2012,2012,South-East Asia,,WB_LMI,Lower-middle-income,,IND,India,,58.58,58.58193,,,,,
WHS7_108,Per capita government expenditure on health (PPP int. $),https://www.who.int/data/gho/indicator-metadata-registry/imr-details/108,NHA_IND,India note,,PUBLISHED,Published,,2013,2013,,SEAR,2013,2013,South-East Asia,,WB_LMI,Lower-middle-income,,IND,India,,68.23,68.22807,,,,,
WHS7_108,Per capita government expenditure on health (PPP int. $),https://www.who.int/data/gho/indicator-metadata-registry/imr-details/108,NHA_IND,India note,,PUBLISHED,Published,,2014,2014,,SEAR,2014,2014,South-East Asia,,WB_LMI,Lower-middle-income,,IND,India,,80.32,80.32025,,,,,
WHS7_113,General government expenditure on health as a percentage of total government expenditure,https://www.who.int/data/gho/indicator-metadata-registry/imr-details/93,NHA_IND,India note,,PUBLISHED,Published,,1995,1995,,SEAR,1995,1995,South-East Asia,,WB_LMI,Lower-middle-income,,IND,India,,4.52,4.52015,,,,,
WHS7_113,General government expenditure on health as a percentage of total government expenditure,https://www.who.int/data/gho/indicator-metadata-registry/imr-details/93,NHA_IND,India note,,PUBLISHED,Published,,1996,1996,,SEAR,1996,1996,South-East Asia,,WB_LMI,Lower-middle-income,,IND,India,,4.43,4.42680,,,,,
WHS7_113,General government expenditure on health as a percentage of total government expenditure,https://www.who.int/data/gho/indicator-metadata-registry/imr-details/93,NHA_IND,India note,,PUBLISHED,Published,,1997,1997,,SEAR,1997,1997,South-East Asia,,WB_LMI,Lower-middle-income,,IND,India,,4.60,4.59741,,,,,
WHS7_113,General government expenditure on health as a percentage of total government expenditure,https://www.who.int/data/gho/indicator-metadata-registry/imr-details/93,NHA_IND,India note,,PUBLISHED,Published,,1998,1998,,SEAR,1998,1998,South-East Asia,,WB_LMI,Lower-middle-income,,IND,India,,4.60,4.59563,,,,,
WHS7_113,General government expenditure on health as a percentage of total government expenditure,https://www.who.int/data/gho/indicator-metadata-registry/imr-details/93,NHA_IND,India note,,PUBLISHED,Published,,1999,1999,,SEAR,1999,1999,South-East Asia,,WB_LMI,Lower-middle-income,,IND,India,,4.53,4.52504,,,,,
WHS7_113,General government expenditure on health as a percentage of total government expenditure,https://www.who.int/data/gho/indicator-metadata-registry/imr-details/93,NHA_IND,India note,,PUBLISHED,Published,,2000,2000,,SEAR,2000,2000,South-East Asia,,WB_LMI,Lower-middle-income,,IND,India,,4.39,4.38714,,,,,
WHS7_113,General government expenditure on health as a percentage of total government expenditure,https://www.who.int/data/gho/indicator-metadata-registry/imr-details/93,NHA_IND,India note,,PUBLISHED,Published,,2001,2001,,SEAR,2001,2001,South-East Asia,,WB_LMI,Lower-middle-income,,IND,India,,4.25,4.25354,,,,,
WHS7_113,General government expenditure on health as a percentage of total government expenditure,https://www.who.int/data/gho/indicator-metadata-registry/imr-details/93,NHA_IND,India note,,PUBLISHED,Published,,2002,2002,,SEAR,2002,2002,South-East Asia,,WB_LMI,Lower-middle-income,,IND,India,,3.82,3.82039,,,,,
WHS7_113,General government expenditure on health as a percentage of total government expenditure,https://www.who.int/data/gho/indicator-metadata-registry/imr-details/93,NHA_IND,India note,,PUBLISHED,Published,,2003,2003,,SEAR,2003,2003,South-East Asia,,WB_LMI,Lower-middle-income,,IND,India,,3.60,3.60425,,,,,
WHS7_113,General government expenditure on health as a percentage of total government expenditure,https://www.who.int/data/gho/indicator-metadata-registry/imr-details/93,NHA_IND,India note,,PUBLISHED,Published,,2004,2004,,SEAR,2004,2004,South-East Asia,,WB_LMI,Lower-middle-income,,IND,India,,4.04,4.03833,,,,,
WHS7_113,General government expenditure on health as a percentage of total government expenditure,https://www.who.int/data/gho/indicator-metadata-registry/imr-details/93,NHA_IND,India note,,PUBLISHED,Published,,2005,2005,,SEAR,2005,2005,South-East Asia,,WB_LMI,Lower-middle-income,,IND,India,,4.51,4.50840,,,,,
WHS7_113,General government expenditure on health as a percentage of total government expenditure,https://www.who.int/data/gho/indicator-metadata-registry/imr-details/93,NHA_IND,India note,,PUBLISHED,Published,,2006,2006,,SEAR,2006,2006,South-East Asia,,WB_LMI,Lower-middle-income,,IND,India,,4.40,4.39923,,,,,
WHS7_113,General government expenditure on health as a percentage of total government expenditure,https://www.who.int/data/gho/indicator-metadata-registry/imr-details/93,NHA_IND,India note,,PUBLISHED,Published,,2007,2007,,SEAR,2007,2007,South-East Asia,,WB_LMI,Lower-middle-income,,IND,India,,4.43,4.42519,,,,,
WHS7_113,General government expenditure on health as a percentage of total government expenditure,https://www.who.int/data/gho/indicator-metadata-registry/imr-details/93,NHA_IND,India note,,PUBLISHED,Published,,2008,2008,,SEAR,2008,2008,South-East Asia,,WB_LMI,Lower-middle-income,,IND,India,,4.34,4.34361,,,,,
WHS7_113,General government expenditure on health as a percentage of total government expenditure,https://www.who.int/data/gho/indicator-metadata-registry/imr-details/93,NHA_IND,India note,,PUBLISHED,Published,,2009,2009,,SEAR,2009,2009,South-East Asia,,WB_LMI,Lower-middle-income,,IND,India,,4.37,4.36884,,,,,
WHS7_113,General government expenditure on health as a percentage of total government expenditure,https://www.who.int/data/gho/indicator-metadata-registry/imr-details/93,NHA_IND,India note,,PUBLISHED,Published,,2010,2010,,SEAR,2010,2010,South-East Asia,,WB_LMI,Lower-middle-income,,IND,India,,4.29,4.29122,,,,,
WHS7_113,General government expenditure on health as a percentage of total government expenditure,https://www.who.int/data/gho/indicator-metadata-registry/imr-details/93,NHA_IND,India note,,PUBLISHED,Published,,2011,2011,,SEAR,2011,2011,South-East Asia,,WB_LMI,Lower-middle-income,,IND,India,,4.42,4.42150,,,,,
WHS7_113,General government expenditure on health as a percentage of total government expenditure,https://www.who.int/data/gho/indicator-metadata-registry/imr-details/93,NHA_IND,India note,,PUBLISHED,Published,,2012,2012,,SEAR,2012,2012,South-East Asia,,WB_LMI,Lower-middle-income,,IND,India,,4.49,4.48916,,,,,
WHS7_113,General government expenditure on health as a percentage of total government expenditure,https://www.who.int/data/gho/indicator-metadata-registry/imr-details/93,NHA_IND,India note,,PUBLISHED,Published,,2013,2013,,SEAR,2013,2013,South-East Asia,,WB_LMI,Lower-middle-income,,IND,India,,4.66,4.65674,,,,,
WHS7_113,General government expenditure on health as a percentage of total government expenditure,https://www.who.int/data/gho/indicator-metadata-registry/imr-details/93,NHA_IND,India note,,PUBLISHED,Published,,2014,2014,,SEAR,2014,2014,South-East Asia,,WB_LMI,Lower-middle-income,,IND,India,,5.05,5.04773,,,,,
WHS7_120,External resources for health as a percentage of total expenditure on health,https://www.who.int/data/gho/indicator-metadata-registry/imr-details/91,NHA_IND,India note,,PUBLISHED,Published,,1995,1995,,SEAR,1995,1995,South-East Asia,,WB_LMI,Lower-middle-income,,IND,India,,1.31,1.31169,,,,,
WHS7_120,External resources for health as a percentage of total expenditure on health,https://www.who.int/data/gho/indicator-metadata-registry/imr-details/91,NHA_IND,India note,,PUBLISHED,Published,,1996,1996,,SEAR,1996,1996,South-East Asia,,WB_LMI,Lower-middle-income,,IND,India,,0.24,0.23793,,,,,
WHS7_120,External resources for health as a percentage of total expenditure on health,https://www.who.int/data/gho/indicator-metadata-registry/imr-details/91,NHA_IND,India note,,PUBLISHED,Published,,1997,1997,,SEAR,1997,1997,South-East Asia,,WB_LMI,Lower-middle-income,,IND,India,,1.60,1.59618,,,,,
WHS7_120,External resources for health as a percentage of total expenditure on health,https://www.who.int/data/gho/indicator-metadata-registry/imr-details/91,NHA_IND,India note,,PUBLISHED,Published,,1998,1998,,SEAR,1998,1998,South-East Asia,,WB_LMI,Lower-middle-income,,IND,India,,1.61,1.60736,,,,,
WHS7_120,External resources for health as a percentage of total expenditure on health,https://www.who.int/data/gho/indicator-metadata-registry/imr-details/91,NHA_IND,India note,,PUBLISHED,Published,,1999,1999,,SEAR,1999,1999,South-East Asia,,WB_LMI,Lower-middle-income,,IND,India,,1.29,1.29255,,,,,
WHS7_120,External resources for health as a percentage of total expenditure on health,https://www.who.int/data/gho/indicator-metadata-registry/imr-details/91,NHA_IND,India note,,PUBLISHED,Published,,2000,2000,,SEAR,2000,2000,South-East Asia,,WB_LMI,Lower-middle-income,,IND,India,,0.55,0.54682,,,,,
WHS7_120,External resources for health as a percentage of total expenditure on health,https://www.who.int/data/gho/indicator-metadata-registry/imr-details/91,NHA_IND,India note,,PUBLISHED,Published,,2001,2001,,SEAR,2001,2001,South-East Asia,,WB_LMI,Lower-middle-income,,IND,India,,2.35,2.34559,,,,,
WHS7_120,External resources for health as a percentage of total expenditure on health,https://www.who.int/data/gho/indicator-metadata-registry/imr-details/91,NHA_IND,India note,,PUBLISHED,Published,,2002,2002,,SEAR,2002,2002,South-East Asia,,WB_LMI,Lower-middle-income,,IND,India,,0.27,0.27060,,,,,
WHS7_120,External resources for health as a percentage of total expenditure on health,https://www.who.int/data/gho/indicator-metadata-registry/imr-details/91,NHA_IND,India note,,PUBLISHED,Published,,2003,2003,,SEAR,2003,2003,South-East Asia,,WB_LMI,Lower-middle-income,,IND,India,,2.28,2.27621,,,,,
WHS7_120,External resources for health as a percentage of total expenditure on health,https://www.who.int/data/gho/indicator-metadata-registry/imr-details/91,NHA_IND,India note,,PUBLISHED,Published,,2004,2004,,SEAR,2004,2004,South-East Asia,,WB_LMI,Lower-middle-income,,IND,India,,2.23,2.22876,,,,,
WHS7_120,External resources for health as a percentage of total expenditure on health,https://www.who.int/data/gho/indicator-metadata-registry/imr-details/91,NHA_IND,India note,,PUBLISHED,Published,,2005,2005,,SEAR,2005,2005,South-East Asia,,WB_LMI,Lower-middle-income,,IND,India,,1.36,1.35869,,,,,
WHS7_120,External resources for health as a percentage of total expenditure on health,https://www.who.int/data/gho/indicator-metadata-registry/imr-details/91,NHA_IND,India note,,PUBLISHED,Published,,2006,2006,,SEAR,2006,2006,South-East Asia,,WB_LMI,Lower-middle-income,,IND,India,,1.23,1.22833,,,,,
WHS7_120,External resources for health as a percentage of total expenditure on health,https://www.who.int/data/gho/indicator-metadata-registry/imr-details/91,NHA_IND,India note,,PUBLISHED,Published,,2007,2007,,SEAR,2007,2007,South-East Asia,,WB_LMI,Lower-middle-income,,IND,India,,1.26,1.25908,,,,,
WHS7_120,External resources for health as a percentage of total expenditure on health,https://www.who.int/data/gho/indicator-metadata-registry/imr-details/91,NHA_IND,India note,,PUBLISHED,Published,,2008,2008,,SEAR,2008,2008,South-East Asia,,WB_LMI,Lower-middle-income,,IND,India,,1.52,1.51508,,,,,
WHS7_120,External resources for health as a percentage of total expenditure on health,https://www.who.int/data/gho/indicator-metadata-registry/imr-details/91,NHA_IND,India note,,PUBLISHED,Published,,2009,2009,,SEAR,2009,2009,South-East Asia,,WB_LMI,Lower-middle-income,,IND,India,,1.03,1.03320,,,,,
WHS7_120,External resources for health as a percentage of total expenditure on health,https://www.who.int/data/gho/indicator-metadata-registry/imr-details/91,NHA_IND,India note,,PUBLISHED,Published,,2010,2010,,SEAR,2010,2010,South-East Asia,,WB_LMI,Lower-middle-income,,IND,India,,1.27,1.27177,,,,,
WHS7_120,External resources for health as a percentage of total expenditure on health,https://www.who.int/data/gho/indicator-metadata-registry/imr-details/91,NHA_IND,India note,,PUBLISHED,Published,,2011,2011,,SEAR,2011,2011,South-East Asia,,WB_LMI,Lower-middle-income,,IND,India,,1.06,1.05734,,,,,
WHS7_120,External resources for health as a percentage of total expenditure on health,https://www.who.int/data/gho/indicator-metadata-registry/imr-details/91,NHA_IND,India note,,PUBLISHED,Published,,2012,2012,,SEAR,2012,2012,South-East Asia,,WB_LMI,Lower-middle-income,,IND,India,,1.15,1.15393,,,,,
WHS7_120,External resources for health as a percentage of total expenditure on health,https://www.who.int/data/gho/indicator-metadata-registry/imr-details/91,NHA_IND,India note,,PUBLISHED,Published,,2013,2013,,SEAR,2013,2013,South-East Asia,,WB_LMI,Lower-middle-income,,IND,India,,0.89,0.89473,,,,,
WHS7_120,External resources for health as a percentage of total expenditure on health,https://www.who.int/data/gho/indicator-metadata-registry/imr-details/91,NHA_IND,India note,,PUBLISHED,Published,,2014,2014,,SEAR,2014,2014,South-East Asia,,WB_LMI,Lower-middle-income,,IND,India,,0.95,0.95015,,,,,
WHS7_134,Social security expenditure on health as a percentage of general government expenditure on health,https://www.who.int/data/gho/indicator-metadata-registry/imr-details/121,NHA_IND,India note,,PUBLISHED,Published,,1995,1995,,SEAR,1995,1995,South-East Asia,,WB_LMI,Lower-middle-income,,IND,India,,16.58,16.57639,,,,,
WHS7_134,Social security expenditure on health as a percentage of general government expenditure on health,https://www.who.int/data/gho/indicator-metadata-registry/imr-details/121,NHA_IND,India note,,PUBLISHED,Published,,1996,1996,,SEAR,1996,1996,South-East Asia,,WB_LMI,Lower-middle-income,,IND,India,,16.54,16.54399,,,,,
WHS7_134,Social security expenditure on health as a percentage of general government expenditure on health,https://www.who.int/data/gho/indicator-metadata-registry/imr-details/121,NHA_IND,India note,,PUBLISHED,Published,,1997,1997,,SEAR,1997,1997,South-East Asia,,WB_LMI,Lower-middle-income,,IND,India,,19.04,19.04036,,,,,
WHS7_134,Social security expenditure on health as a percentage of general government expenditure on health,https://www.who.int/data/gho/indicator-metadata-registry/imr-details/121,NHA_IND,India note,,PUBLISHED,Published,,1998,1998,,SEAR,1998,1998,South-East Asia,,WB_LMI,Lower-middle-income,,IND,India,,18.62,18.62112,,,,,
WHS7_134,Social security expenditure on health as a percentage of general government expenditure on health,https://www.who.int/data/gho/indicator-metadata-registry/imr-details/121,NHA_IND,India note,,PUBLISHED,Published,,1999,1999,,SEAR,1999,1999,South-East Asia,,WB_LMI,Lower-middle-income,,IND,India,,18.70,18.69674,,,,,
WHS7_134,Social security expenditure on health as a percentage of general government expenditure on health,https://www.who.int/data/gho/indicator-metadata-registry/imr-details/121,NHA_IND,India note,,PUBLISHED,Published,,2000,2000,,SEAR,2000,2000,South-East Asia,,WB_LMI,Lower-middle-income,,IND,India,,18.23,18.23083,,,,,
WHS7_134,Social security expenditure on health as a percentage of general government expenditure on health,https://www.who.int/data/gho/indicator-metadata-registry/imr-details/121,NHA_IND,India note,,PUBLISHED,Published,,2001,2001,,SEAR,2001,2001,South-East Asia,,WB_LMI,Lower-middle-income,,IND,India,,18.63,18.62941,,,,,
WHS7_134,Social security expenditure on health as a percentage of general government expenditure on health,https://www.who.int/data/gho/indicator-metadata-registry/imr-details/121,NHA_IND,India note,,PUBLISHED,Published,,2002,2002,,SEAR,2002,2002,South-East Asia,,WB_LMI,Lower-middle-income,,IND,India,,19.56,19.56024,,,,,
WHS7_134,Social security expenditure on health as a percentage of general government expenditure on health,https://www.who.int/data/gho/indicator-metadata-registry/imr-details/121,NHA_IND,India note,,PUBLISHED,Published,,2003,2003,,SEAR,2003,2003,South-East Asia,,WB_LMI,Lower-middle-income,,IND,India,,19.86,19.86339,,,,,
WHS7_134,Social security expenditure on health as a percentage of general government expenditure on health,https://www.who.int/data/gho/indicator-metadata-registry/imr-details/121,NHA_IND,India note,,PUBLISHED,Published,,2004,2004,,SEAR,2004,2004,South-East Asia,,WB_LMI,Lower-middle-income,,IND,India,,16.95,16.94825,,,,,
WHS7_134,Social security expenditure on health as a percentage of general government expenditure on health,https://www.who.int/data/gho/indicator-metadata-registry/imr-details/121,NHA_IND,India note,,PUBLISHED,Published,,2005,2005,,SEAR,2005,2005,South-East Asia,,WB_LMI,Lower-middle-income,,IND,India,,11.94,11.93884,,,,,
WHS7_134,Social security expenditure on health as a percentage of general government expenditure on health,https://www.who.int/data/gho/indicator-metadata-registry/imr-details/121,NHA_IND,India note,,PUBLISHED,Published,,2006,2006,,SEAR,2006,2006,South-East Asia,,WB_LMI,Lower-middle-income,,IND,India,,9.33,9.33236,,,,,
WHS7_134,Social security expenditure on health as a percentage of general government expenditure on health,https://www.who.int/data/gho/indicator-metadata-registry/imr-details/121,NHA_IND,India note,,PUBLISHED,Published,,2007,2007,,SEAR,2007,2007,South-East Asia,,WB_LMI,Lower-middle-income,,IND,India,,7.22,7.22428,,,,,
WHS7_134,Social security expenditure on health as a percentage of general government expenditure on health,https://www.who.int/data/gho/indicator-metadata-registry/imr-details/121,NHA_IND,India note,,PUBLISHED,Published,,2008,2008,,SEAR,2008,2008,South-East Asia,,WB_LMI,Lower-middle-income,,IND,India,,5.39,5.38605,,,,,
WHS7_134,Social security expenditure on health as a percentage of general government expenditure on health,https://www.who.int/data/gho/indicator-metadata-registry/imr-details/121,NHA_IND,India note,,PUBLISHED,Published,,2009,2009,,SEAR,2009,2009,South-East Asia,,WB_LMI,Lower-middle-income,,IND,India,,4.41,4.41294,,,,,
WHS7_134,Social security expenditure on health as a percentage of general government expenditure on health,https://www.who.int/data/gho/indicator-metadata-registry/imr-details/121,NHA_IND,India note,,PUBLISHED,Published,,2010,2010,,SEAR,2010,2010,South-East Asia,,WB_LMI,Lower-middle-income,,IND,India,,4.93,4.92936,,,,,
WHS7_134,Social security expenditure on health as a percentage of general government expenditure on health,https://www.who.int/data/gho/indicator-metadata-registry/imr-details/121,NHA_IND,India note,,PUBLISHED,Published,,2011,2011,,SEAR,2011,2011,South-East Asia,,WB_LMI,Lower-middle-income,,IND,India,,5.77,5.77356,,,,,
WHS7_134,Social security expenditure on health as a percentage of general government expenditure on health,https://www.who.int/data/gho/indicator-metadata-registry/imr-details/121,NHA_IND,India note,,PUBLISHED,Published,,2012,2012,,SEAR,2012,2012,South-East Asia,,WB_LMI,Lower-middle-income,,IND,India,,6.40,6.40389,,,,,
WHS7_134,Social security expenditure on health as a percentage of general government expenditure on health,https://www.who.int/data/gho/indicator-metadata-registry/imr-details/121,NHA_IND,India note,,PUBLISHED,Published,,2013,2013,,SEAR,2013,2013,South-East Asia,,WB_LMI,Lower-middle-income,,IND,India,,6.18,6.17728,,,,,
WHS7_134,Social security expenditure on health as a percentage of general government expenditure on health,https://www.who.int/data/gho/indicator-metadata-registry/imr-details/121,NHA_IND,India note,,PUBLISHED,Published,,2014,2014,,SEAR,2014,2014,South-East Asia,,WB_LMI,Lower-middle-income,,IND,India,,5.70,5.69879,,,,,
WHS7_139,Out-of-pocket expenditure as a percentage of private expenditure on health,https://www.who.int/data/gho/indicator-metadata-registry/imr-details/107,NHA_IND,India note,,PUBLISHED,Published,,1995,1995,,SEAR,1995,1995,South-East Asia,,WB_LMI,Lower-middle-income,,IND,India,,91.36,91.35924,,,,,
WHS7_139,Out-of-pocket expenditure as a percentage of private expenditure on health,https://www.who.int/data/gho/indicator-metadata-registry/imr-details/107,NHA_IND,India note,,PUBLISHED,Published,,1996,1996,,SEAR,1996,1996,South-East Asia,,WB_LMI,Lower-middle-income,,IND,India,,91.03,91.02810,,,,,
WHS7_139,Out-of-pocket expenditure as a percentage of private expenditure on health,https://www.who.int/data/gho/indicator-metadata-registry/imr-details/107,NHA_IND,India note,,PUBLISHED,Published,,1997,1997,,SEAR,1997,1997,South-East Asia,,WB_LMI,Lower-middle-income,,IND,India,,91.92,91.92320,,,,,
WHS7_139,Out-of-pocket expenditure as a percentage of private expenditure on health,https://www.who.int/data/gho/indicator-metadata-registry/imr-details/107,NHA_IND,India note,,PUBLISHED,Published,,1998,1998,,SEAR,1998,1998,South-East Asia,,WB_LMI,Lower-middle-income,,IND,India,,91.84,91.84174,,,,,
WHS7_139,Out-of-pocket expenditure as a percentage of private expenditure on health,https://www.who.int/data/gho/indicator-metadata-registry/imr-details/107,NHA_IND,India note,,PUBLISHED,Published,,1999,1999,,SEAR,1999,1999,South-East Asia,,WB_LMI,Lower-middle-income,,IND,India,,91.02,91.01695,,,,,
WHS7_139,Out-of-pocket expenditure as a percentage of private expenditure on health,https://www.who.int/data/gho/indicator-metadata-registry/imr-details/107,NHA_IND,India note,,PUBLISHED,Published,,2000,2000,,SEAR,2000,2000,South-East Asia,,WB_LMI,Lower-middle-income,,IND,India,,91.81,91.80860,,,,,
WHS7_139,Out-of-pocket expenditure as a percentage of private expenditure on health,https://www.who.int/data/gho/indicator-metadata-registry/imr-details/107,NHA_IND,India note,,PUBLISHED,Published,,2001,2001,,SEAR,2001,2001,South-East Asia,,WB_LMI,Lower-middle-income,,IND,India,,92.41,92.41025,,,,,
WHS7_139,Out-of-pocket expenditure as a percentage of private expenditure on health,https://www.who.int/data/gho/indicator-metadata-registry/imr-details/107,NHA_IND,India note,,PUBLISHED,Published,,2002,2002,,SEAR,2002,2002,South-East Asia,,WB_LMI,Lower-middle-income,,IND,India,,91.92,91.92023,,,,,
WHS7_139,Out-of-pocket expenditure as a percentage of private expenditure on health,https://www.who.int/data/gho/indicator-metadata-registry/imr-details/107,NHA_IND,India note,,PUBLISHED,Published,,2003,2003,,SEAR,2003,2003,South-East Asia,,WB_LMI,Lower-middle-income,,IND,India,,91.61,91.61079,,,,,
WHS7_139,Out-of-pocket expenditure as a percentage of private expenditure on health,https://www.who.int/data/gho/indicator-metadata-registry/imr-details/107,NHA_IND,India note,,PUBLISHED,Published,,2004,2004,,SEAR,2004,2004,South-East Asia,,WB_LMI,Lower-middle-income,,IND,India,,89.55,89.55373,,,,,
WHS7_139,Out-of-pocket expenditure as a percentage of private expenditure on health,https://www.who.int/data/gho/indicator-metadata-registry/imr-details/107,NHA_IND,India note,,PUBLISHED,Published,,2005,2005,,SEAR,2005,2005,South-East Asia,,WB_LMI,Lower-middle-income,,IND,India,,89.65,89.64591,,,,,
WHS7_139,Out-of-pocket expenditure as a percentage of private expenditure on health,https://www.who.int/data/gho/indicator-metadata-registry/imr-details/107,NHA_IND,India note,,PUBLISHED,Published,,2006,2006,,SEAR,2006,2006,South-East Asia,,WB_LMI,Lower-middle-income,,IND,India,,89.03,89.03092,,,,,
WHS7_139,Out-of-pocket expenditure as a percentage of private expenditure on health,https://www.who.int/data/gho/indicator-metadata-registry/imr-details/107,NHA_IND,India note,,PUBLISHED,Published,,2007,2007,,SEAR,2007,2007,South-East Asia,,WB_LMI,Lower-middle-income,,IND,India,,88.20,88.19757,,,,,
WHS7_139,Out-of-pocket expenditure as a percentage of private expenditure on health,https://www.who.int/data/gho/indicator-metadata-registry/imr-details/107,NHA_IND,India note,,PUBLISHED,Published,,2008,2008,,SEAR,2008,2008,South-East Asia,,WB_LMI,Lower-middle-income,,IND,India,,87.96,87.95969,,,,,
WHS7_139,Out-of-pocket expenditure as a percentage of private expenditure on health,https://www.who.int/data/gho/indicator-metadata-registry/imr-details/107,NHA_IND,India note,,PUBLISHED,Published,,2009,2009,,SEAR,2009,2009,South-East Asia,,WB_LMI,Lower-middle-income,,IND,India,,87.84,87.83848,,,,,
WHS7_139,Out-of-pocket expenditure as a percentage of private expenditure on health,https://www.who.int/data/gho/indicator-metadata-registry/imr-details/107,NHA_IND,India note,,PUBLISHED,Published,,2010,2010,,SEAR,2010,2010,South-East Asia,,WB_LMI,Lower-middle-income,,IND,India,,86.96,86.96277,,,,,
WHS7_139,Out-of-pocket expenditure as a percentage of private expenditure on health,https://www.who.int/data/gho/indicator-metadata-registry/imr-details/107,NHA_IND,India note,,PUBLISHED,Published,,2011,2011,,SEAR,2011,2011,South-East Asia,,WB_LMI,Lower-middle-income,,IND,India,,88.43,88.43311,,,,,
WHS7_139,Out-of-pocket expenditure as a percentage of private expenditure on health,https://www.who.int/data/gho/indicator-metadata-registry/imr-details/107,NHA_IND,India note,,PUBLISHED,Published,,2012,2012,,SEAR,2012,2012,South-East Asia,,WB_LMI,Lower-middle-income,,IND,India,,88.85,88.84963,,,,,
WHS7_139,Out-of-pocket expenditure as a percentage of private expenditure on health,https://www.who.int/data/gho/indicator-metadata-registry/imr-details/107,NHA_IND,India note,,PUBLISHED,Published,,2013,2013,,SEAR,2013,2013,South-East Asia,,WB_LMI,Lower-middle-income,,IND,India,,89.14,89.13803,,,,,
WHS7_139,Out-of-pocket expenditure as a percentage of private expenditure on health,https://www.who.int/data/gho/indicator-metadata-registry/imr-details/107,NHA_IND,India note,,PUBLISHED,Published,,2014,2014,,SEAR,2014,2014,South-East Asia,,WB_LMI,Lower-middle-income,,IND,India,,89.21,89.21421,,,,,
WHS7_143,Total expenditure on health as a percentage of gross domestic product,https://www.who.int/data/gho/indicator-metadata-registry/imr-details/122,NHA_IND,India note,,PUBLISHED,Published,,1995,1995,,SEAR,1995,1995,South-East Asia,,WB_LMI,Lower-middle-income,,IND,India,,4.02,4.01863,,,,,
WHS7_143,Total expenditure on health as a percentage of gross domestic product,https://www.who.int/data/gho/indicator-metadata-registry/imr-details/122,NHA_IND,India note,,PUBLISHED,Published,,1996,1996,,SEAR,1996,1996,South-East Asia,,WB_LMI,Lower-middle-income,,IND,India,,3.90,3.89702,,,,,
WHS7_143,Total expenditure on health as a percentage of gross domestic product,https://www.who.int/data/gho/indicator-metadata-registry/imr-details/122,NHA_IND,India note,,PUBLISHED,Published,,1997,1997,,SEAR,1997,1997,South-East Asia,,WB_LMI,Lower-middle-income,,IND,India,,4.25,4.24807,,,,,
WHS7_143,Total expenditure on health as a percentage of gross domestic product,https://www.who.int/data/gho/indicator-metadata-registry/imr-details/122,NHA_IND,India note,,PUBLISHED,Published,,1998,1998,,SEAR,1998,1998,South-East Asia,,WB_LMI,Lower-middle-income,,IND,India,,4.30,4.29626,,,,,
WHS7_143,Total expenditure on health as a percentage of gross domestic product,https://www.who.int/data/gho/indicator-metadata-registry/imr-details/122,NHA_IND,India note,,PUBLISHED,Published,,1999,1999,,SEAR,1999,1999,South-East Asia,,WB_LMI,Lower-middle-income,,IND,India,,4.03,4.02599,,,,,
WHS7_143,Total expenditure on health as a percentage of gross domestic product,https://www.who.int/data/gho/indicator-metadata-registry/imr-details/122,NHA_IND,India note,,PUBLISHED,Published,,2000,2000,,SEAR,2000,2000,South-East Asia,,WB_LMI,Lower-middle-income,,IND,India,,4.26,4.26376,,,,,
WHS7_143,Total expenditure on health as a percentage of gross domestic product,https://www.who.int/data/gho/indicator-metadata-registry/imr-details/122,NHA_IND,India note,,PUBLISHED,Published,,2001,2001,,SEAR,2001,2001,South-East Asia,,WB_LMI,Lower-middle-income,,IND,India,,4.50,4.49651,,,,,
WHS7_143,Total expenditure on health as a percentage of gross domestic product,https://www.who.int/data/gho/indicator-metadata-registry/imr-details/122,NHA_IND,India note,,PUBLISHED,Published,,2002,2002,,SEAR,2002,2002,South-East Asia,,WB_LMI,Lower-middle-income,,IND,India,,4.40,4.40107,,,,,
WHS7_143,Total expenditure on health as a percentage of gross domestic product,https://www.who.int/data/gho/indicator-metadata-registry/imr-details/122,NHA_IND,India note,,PUBLISHED,Published,,2003,2003,,SEAR,2003,2003,South-East Asia,,WB_LMI,Lower-middle-income,,IND,India,,4.30,4.29654,,,,,
WHS7_143,Total expenditure on health as a percentage of gross domestic product,https://www.who.int/data/gho/indicator-metadata-registry/imr-details/122,NHA_IND,India note,,PUBLISHED,Published,,2004,2004,,SEAR,2004,2004,South-East Asia,,WB_LMI,Lower-middle-income,,IND,India,,4.22,4.22014,,,,,
WHS7_143,Total expenditure on health as a percentage of gross domestic product,https://www.who.int/data/gho/indicator-metadata-registry/imr-details/122,NHA_IND,India note,,PUBLISHED,Published,,2005,2005,,SEAR,2005,2005,South-East Asia,,WB_LMI,Lower-middle-income,,IND,India,,4.28,4.28217,,,,,
WHS7_143,Total expenditure on health as a percentage of gross domestic product,https://www.who.int/data/gho/indicator-metadata-registry/imr-details/122,NHA_IND,India note,,PUBLISHED,Published,,2006,2006,,SEAR,2006,2006,South-East Asia,,WB_LMI,Lower-middle-income,,IND,India,,4.25,4.24668,,,,,
WHS7_143,Total expenditure on health as a percentage of gross domestic product,https://www.who.int/data/gho/indicator-metadata-registry/imr-details/122,NHA_IND,India note,,PUBLISHED,Published,,2007,2007,,SEAR,2007,2007,South-East Asia,,WB_LMI,Lower-middle-income,,IND,India,,4.23,4.22653,,,,,
WHS7_143,Total expenditure on health as a percentage of gross domestic product,https://www.who.int/data/gho/indicator-metadata-registry/imr-details/122,NHA_IND,India note,,PUBLISHED,Published,,2008,2008,,SEAR,2008,2008,South-East Asia,,WB_LMI,Lower-middle-income,,IND,India,,4.34,4.33949,,,,,
WHS7_143,Total expenditure on health as a percentage of gross domestic product,https://www.who.int/data/gho/indicator-metadata-registry/imr-details/122,NHA_IND,India note,,PUBLISHED,Published,,2009,2009,,SEAR,2009,2009,South-East Asia,,WB_LMI,Lower-middle-income,,IND,India,,4.38,4.37574,,,,,
WHS7_143,Total expenditure on health as a percentage of gross domestic product,https://www.who.int/data/gho/indicator-metadata-registry/imr-details/122,NHA_IND,India note,,PUBLISHED,Published,,2010,2010,,SEAR,2010,2010,South-East Asia,,WB_LMI,Lower-middle-income,,IND,India,,4.28,4.27968,,,,,
WHS7_143,Total expenditure on health as a percentage of gross domestic product,https://www.who.int/data/gho/indicator-metadata-registry/imr-details/122,NHA_IND,India note,,PUBLISHED,Published,,2011,2011,,SEAR,2011,2011,South-East Asia,,WB_LMI,Lower-middle-income,,IND,India,,4.33,4.33115,,,,,
WHS7_143,Total expenditure on health as a percentage of gross domestic product,https://www.who.int/data/gho/indicator-metadata-registry/imr-details/122,NHA_IND,India note,,PUBLISHED,Published,,2012,2012,,SEAR,2012,2012,South-East Asia,,WB_LMI,Lower-middle-income,,IND,India,,4.39,4.38904,,,,,
WHS7_143,Total expenditure on health as a percentage of gross domestic product,https://www.who.int/data/gho/indicator-metadata-registry/imr-details/122,NHA_IND,India note,,PUBLISHED,Published,,2013,2013,,SEAR,2013,2013,South-East Asia,,WB_LMI,Lower-middle-income,,IND,India,,4.53,4.52912,,,,,
WHS7_143,Total expenditure on health as a percentage of gross domestic product,https://www.who.int/data/gho/indicator-metadata-registry/imr-details/122,NHA_IND,India note,,PUBLISHED,Published,,2014,2014,,SEAR,2014,2014,South-East Asia,,WB_LMI,Lower-middle-income,,IND,India,,4.69,4.68509,,,,,
WHS7_147,Private expenditure on health as a percentage of total expenditure on health,https://www.who.int/data/gho/indicator-metadata-registry/imr-details/119,NHA_IND,India note,,PUBLISHED,Published,,1995,1995,,SEAR,1995,1995,South-East Asia,,WB_LMI,Lower-middle-income,,IND,India,,73.83,73.83410,,,,,
WHS7_147,Private expenditure on health as a percentage of total expenditure on health,https://www.who.int/data/gho/indicator-metadata-registry/imr-details/119,NHA_IND,India note,,PUBLISHED,Published,,1996,1996,,SEAR,1996,1996,South-East Asia,,WB_LMI,Lower-middle-income,,IND,India,,74.17,74.16706,,,,,
WHS7_147,Private expenditure on health as a percentage of total expenditure on health,https://www.who.int/data/gho/indicator-metadata-registry/imr-details/119,NHA_IND,India note,,PUBLISHED,Published,,1997,1997,,SEAR,1997,1997,South-East Asia,,WB_LMI,Lower-middle-income,,IND,India,,74.75,74.75239,,,,,
WHS7_147,Private expenditure on health as a percentage of total expenditure on health,https://www.who.int/data/gho/indicator-metadata-registry/imr-details/119,NHA_IND,India note,,PUBLISHED,Published,,1998,1998,,SEAR,1998,1998,South-East Asia,,WB_LMI,Lower-middle-income,,IND,India,,74.30,74.29546,,,,,
WHS7_147,Private expenditure on health as a percentage of total expenditure on health,https://www.who.int/data/gho/indicator-metadata-registry/imr-details/119,NHA_IND,India note,,PUBLISHED,Published,,1999,1999,,SEAR,1999,1999,South-East Asia,,WB_LMI,Lower-middle-income,,IND,India,,71.92,71.92095,,,,,
WHS7_147,Private expenditure on health as a percentage of total expenditure on health,https://www.who.int/data/gho/indicator-metadata-registry/imr-details/119,NHA_IND,India note,,PUBLISHED,Published,,2000,2000,,SEAR,2000,2000,South-East Asia,,WB_LMI,Lower-middle-income,,IND,India,,73.91,73.90932,,,,,
WHS7_147,Private expenditure on health as a percentage of total expenditure on health,https://www.who.int/data/gho/indicator-metadata-registry/imr-details/119,NHA_IND,India note,,PUBLISHED,Published,,2001,2001,,SEAR,2001,2001,South-East Asia,,WB_LMI,Lower-middle-income,,IND,India,,76.03,76.02594,,,,,
WHS7_147,Private expenditure on health as a percentage of total expenditure on health,https://www.who.int/data/gho/indicator-metadata-registry/imr-details/119,NHA_IND,India note,,PUBLISHED,Published,,2002,2002,,SEAR,2002,2002,South-East Asia,,WB_LMI,Lower-middle-income,,IND,India,,76.69,76.69291,,,,,
WHS7_147,Private expenditure on health as a percentage of total expenditure on health,https://www.who.int/data/gho/indicator-metadata-registry/imr-details/119,NHA_IND,India note,,PUBLISHED,Published,,2003,2003,,SEAR,2003,2003,South-East Asia,,WB_LMI,Lower-middle-income,,IND,India,,77.08,77.07618,,,,,
WHS7_147,Private expenditure on health as a percentage of total expenditure on health,https://www.who.int/data/gho/indicator-metadata-registry/imr-details/119,NHA_IND,India note,,PUBLISHED,Published,,2004,2004,,SEAR,2004,2004,South-East Asia,,WB_LMI,Lower-middle-income,,IND,India,,75.77,75.76664,,,,,
WHS7_147,Private expenditure on health as a percentage of total expenditure on health,https://www.who.int/data/gho/indicator-metadata-registry/imr-details/119,NHA_IND,India note,,PUBLISHED,Published,,2005,2005,,SEAR,2005,2005,South-East Asia,,WB_LMI,Lower-middle-income,,IND,India,,73.51,73.51211,,,,,
WHS7_147,Private expenditure on health as a percentage of total expenditure on health,https://www.who.int/data/gho/indicator-metadata-registry/imr-details/119,NHA_IND,India note,,PUBLISHED,Published,,2006,2006,,SEAR,2006,2006,South-East Asia,,WB_LMI,Lower-middle-income,,IND,India,,73.85,73.84756,,,,,
WHS7_147,Private expenditure on health as a percentage of total expenditure on health,https://www.who.int/data/gho/indicator-metadata-registry/imr-details/119,NHA_IND,India note,,PUBLISHED,Published,,2007,2007,,SEAR,2007,2007,South-East Asia,,WB_LMI,Lower-middle-income,,IND,India,,73.98,73.98338,,,,,
WHS7_147,Private expenditure on health as a percentage of total expenditure on health,https://www.who.int/data/gho/indicator-metadata-registry/imr-details/119,NHA_IND,India note,,PUBLISHED,Published,,2008,2008,,SEAR,2008,2008,South-East Asia,,WB_LMI,Lower-middle-income,,IND,India,,73.21,73.20560,,,,,
WHS7_147,Private expenditure on health as a percentage of total expenditure on health,https://www.who.int/data/gho/indicator-metadata-registry/imr-details/119,NHA_IND,India note,,PUBLISHED,Published,,2009,2009,,SEAR,2009,2009,South-East Asia,,WB_LMI,Lower-middle-income,,IND,India,,72.10,72.09679,,,,,
WHS7_147,Private expenditure on health as a percentage of total expenditure on health,https://www.who.int/data/gho/indicator-metadata-registry/imr-details/119,NHA_IND,India note,,PUBLISHED,Published,,2010,2010,,SEAR,2010,2010,South-East Asia,,WB_LMI,Lower-middle-income,,IND,India,,72.87,72.87143,,,,,
WHS7_147,Private expenditure on health as a percentage of total expenditure on health,https://www.who.int/data/gho/indicator-metadata-registry/imr-details/119,NHA_IND,India note,,PUBLISHED,Published,,2011,2011,,SEAR,2011,2011,South-East Asia,,WB_LMI,Lower-middle-income,,IND,India,,72.86,72.86225,,,,,
WHS7_147,Private expenditure on health as a percentage of total expenditure on health,https://www.who.int/data/gho/indicator-metadata-registry/imr-details/119,NHA_IND,India note,,PUBLISHED,Published,,2012,2012,,SEAR,2012,2012,South-East Asia,,WB_LMI,Lower-middle-income,,IND,India,,73.03,73.02663,,,,,
WHS7_147,Private expenditure on health as a percentage of total expenditure on health,https://www.who.int/data/gho/indicator-metadata-registry/imr-details/119,NHA_IND,India note,,PUBLISHED,Published,,2013,2013,,SEAR,2013,2013,South-East Asia,,WB_LMI,Lower-middle-income,,IND,India,,71.59,71.58638,,,,,
WHS7_147,Private expenditure on health as a percentage of total expenditure on health,https://www.who.int/data/gho/indicator-metadata-registry/imr-details/119,NHA_IND,India note,,PUBLISHED,Published,,2014,2014,,SEAR,2014,2014,South-East Asia,,WB_LMI,Lower-middle-income,,IND,India,,69.96,69.96348,,,,,
WHS7_149,General government expenditure on health as a percentage of total expenditure on health,https://www.who.int/data/gho/indicator-metadata-registry/imr-details/92,NHA_IND,India note,,PUBLISHED,Published,,1995,1995,,SEAR,1995,1995,South-East Asia,,WB_LMI,Lower-middle-income,,IND,India,,26.17,26.16590,,,,,
WHS7_149,General government expenditure on health as a percentage of total expenditure on health,https://www.who.int/data/gho/indicator-metadata-registry/imr-details/92,NHA_IND,India note,,PUBLISHED,Published,,1996,1996,,SEAR,1996,1996,South-East Asia,,WB_LMI,Lower-middle-income,,IND,India,,25.83,25.83294,,,,,
WHS7_149,General government expenditure on health as a percentage of total expenditure on health,https://www.who.int/data/gho/indicator-metadata-registry/imr-details/92,NHA_IND,India note,,PUBLISHED,Published,,1997,1997,,SEAR,1997,1997,South-East Asia,,WB_LMI,Lower-middle-income,,IND,India,,25.25,25.24761,,,,,
WHS7_149,General government expenditure on health as a percentage of total expenditure on health,https://www.who.int/data/gho/indicator-metadata-registry/imr-details/92,NHA_IND,India note,,PUBLISHED,Published,,1998,1998,,SEAR,1998,1998,South-East Asia,,WB_LMI,Lower-middle-income,,IND,India,,25.70,25.70454,,,,,
WHS7_149,General government expenditure on health as a percentage of total expenditure on health,https://www.who.int/data/gho/indicator-metadata-registry/imr-details/92,NHA_IND,India note,,PUBLISHED,Published,,1999,1999,,SEAR,1999,1999,South-East Asia,,WB_LMI,Lower-middle-income,,IND,India,,28.08,28.07905,,,,,
WHS7_149,General government expenditure on health as a percentage of total expenditure on health,https://www.who.int/data/gho/indicator-metadata-registry/imr-details/92,NHA_IND,India note,,PUBLISHED,Published,,2000,2000,,SEAR,2000,2000,South-East Asia,,WB_LMI,Lower-middle-income,,IND,India,,26.09,26.09068,,,,,
WHS7_149,General government expenditure on health as a percentage of total expenditure on health,https://www.who.int/data/gho/indicator-metadata-registry/imr-details/92,NHA_IND,India note,,PUBLISHED,Published,,2001,2001,,SEAR,2001,2001,South-East Asia,,WB_LMI,Lower-middle-income,,IND,India,,23.97,23.97406,,,,,
WHS7_149,General government expenditure on health as a percentage of total expenditure on health,https://www.who.int/data/gho/indicator-metadata-registry/imr-details/92,NHA_IND,India note,,PUBLISHED,Published,,2002,2002,,SEAR,2002,2002,South-East Asia,,WB_LMI,Lower-middle-income,,IND,India,,23.31,23.30709,,,,,
WHS7_149,General government expenditure on health as a percentage of total expenditure on health,https://www.who.int/data/gho/indicator-metadata-registry/imr-details/92,NHA_IND,India note,,PUBLISHED,Published,,2003,2003,,SEAR,2003,2003,South-East Asia,,WB_LMI,Lower-middle-income,,IND,India,,22.92,22.92382,,,,,
WHS7_149,General government expenditure on health as a percentage of total expenditure on health,https://www.who.int/data/gho/indicator-metadata-registry/imr-details/92,NHA_IND,India note,,PUBLISHED,Published,,2004,2004,,SEAR,2004,2004,South-East Asia,,WB_LMI,Lower-middle-income,,IND,India,,24.23,24.23336,,,,,
WHS7_149,General government expenditure on health as a percentage of total expenditure on health,https://www.who.int/data/gho/indicator-metadata-registry/imr-details/92,NHA_IND,India note,,PUBLISHED,Published,,2005,2005,,SEAR,2005,2005,South-East Asia,,WB_LMI,Lower-middle-income,,IND,India,,26.49,26.48789,,,,,
WHS7_149,General government expenditure on health as a percentage of total expenditure on health,https://www.who.int/data/gho/indicator-metadata-registry/imr-details/92,NHA_IND,India note,,PUBLISHED,Published,,2006,2006,,SEAR,2006,2006,South-East Asia,,WB_LMI,Lower-middle-income,,IND,India,,26.15,26.15244,,,,,
WHS7_149,General government expenditure on health as a percentage of total expenditure on health,https://www.who.int/data/gho/indicator-metadata-registry/imr-details/92,NHA_IND,India note,,PUBLISHED,Published,,2007,2007,,SEAR,2007,2007,South-East Asia,,WB_LMI,Lower-middle-income,,IND,India,,26.02,26.01662,,,,,
WHS7_149,General government expenditure on health as a percentage of total expenditure on health,https://www.who.int/data/gho/indicator-metadata-registry/imr-details/92,NHA_IND,India note,,PUBLISHED,Published,,2008,2008,,SEAR,2008,2008,South-East Asia,,WB_LMI,Lower-middle-income,,IND,India,,26.79,26.79440,,,,,
WHS7_149,General government expenditure on health as a percentage of total expenditure on health,https://www.who.int/data/gho/indicator-metadata-registry/imr-details/92,NHA_IND,India note,,PUBLISHED,Published,,2009,2009,,SEAR,2009,2009,South-East Asia,,WB_LMI,Lower-middle-income,,IND,India,,27.90,27.90321,,,,,
WHS7_149,General government expenditure on health as a percentage of total expenditure on health,https://www.who.int/data/gho/indicator-metadata-registry/imr-details/92,NHA_IND,India note,,PUBLISHED,Published,,2010,2010,,SEAR,2010,2010,South-East Asia,,WB_LMI,Lower-middle-income,,IND,India,,27.13,27.12857,,,,,
WHS7_149,General government expenditure on health as a percentage of total expenditure on health,https://www.who.int/data/gho/indicator-metadata-registry/imr-details/92,NHA_IND,India note,,PUBLISHED,Published,,2011,2011,,SEAR,2011,2011,South-East Asia,,WB_LMI,Lower-middle-income,,IND,India,,27.14,27.13775,,,,,
WHS7_149,General government expenditure on health as a percentage of total expenditure on health,https://www.who.int/data/gho/indicator-metadata-registry/imr-details/92,NHA_IND,India note,,PUBLISHED,Published,,2012,2012,,SEAR,2012,2012,South-East Asia,,WB_LMI,Lower-middle-income,,IND,India,,26.97,26.97337,,,,,
WHS7_149,General government expenditure on health as a percentage of total expenditure on health,https://www.who.int/data/gho/indicator-metadata-registry/imr-details/92,NHA_IND,India note,,PUBLISHED,Published,,2013,2013,,SEAR,2013,2013,South-East Asia,,WB_LMI,Lower-middle-income,,IND,India,,28.41,28.41362,,,,,
WHS7_149,General government expenditure on health as a percentage of total expenditure on health,https://www.who.int/data/gho/indicator-metadata-registry/imr-details/92,NHA_IND,India note,,PUBLISHED,Published,,2014,2014,,SEAR,2014,2014,South-East Asia,,WB_LMI,Lower-middle-income,,IND,India,,30.04,30.03652,,,,,
WHS7_156,Per capita total expenditure on health at average exchange rate (US$),https://www.who.int/data/gho/indicator-metadata-registry/imr-details/111,NHA_IND,India note,,PUBLISHED,Published,,1995,1995,,SEAR,1995,1995,South-East Asia,,WB_LMI,Lower-middle-income,,IND,India,,15.82,15.82161,,,,,
WHS7_156,Per capita total expenditure on health at average exchange rate (US$),https://www.who.int/data/gho/indicator-metadata-registry/imr-details/111,NHA_IND,India note,,PUBLISHED,Published,,1996,1996,,SEAR,1996,1996,South-East Asia,,WB_LMI,Lower-middle-income,,IND,India,,15.94,15.93962,,,,,
WHS7_156,Per capita total expenditure on health at average exchange rate (US$),https://www.who.int/data/gho/indicator-metadata-registry/imr-details/111,NHA_IND,India note,,PUBLISHED,Published,,1997,1997,,SEAR,1997,1997,South-East Asia,,WB_LMI,Lower-middle-income,,IND,India,,18.43,18.43472,,,,,
WHS7_156,Per capita total expenditure on health at average exchange rate (US$),https://www.who.int/data/gho/indicator-metadata-registry/imr-details/111,NHA_IND,India note,,PUBLISHED,Published,,1998,1998,,SEAR,1998,1998,South-East Asia,,WB_LMI,Lower-middle-income,,IND,India,,18.48,18.47519,,,,,
WHS7_156,Per capita total expenditure on health at average exchange rate (US$),https://www.who.int/data/gho/indicator-metadata-registry/imr-details/111,NHA_IND,India note,,PUBLISHED,Published,,1999,1999,,SEAR,1999,1999,South-East Asia,,WB_LMI,Lower-middle-income,,IND,India,,18.28,18.27838,,,,,
WHS7_156,Per capita total expenditure on health at average exchange rate (US$),https://www.who.int/data/gho/indicator-metadata-registry/imr-details/111,NHA_IND,India note,,PUBLISHED,Published,,2000,2000,,SEAR,2000,2000,South-East Asia,,WB_LMI,Lower-middle-income,,IND,India,,19.61,19.60911,,,,,
WHS7_156,Per capita total expenditure on health at average exchange rate (US$),https://www.who.int/data/gho/indicator-metadata-registry/imr-details/111,NHA_IND,India note,,PUBLISHED,Published,,2001,2001,,SEAR,2001,2001,South-East Asia,,WB_LMI,Lower-middle-income,,IND,India,,20.94,20.94382,,,,,
WHS7_156,Per capita total expenditure on health at average exchange rate (US$),https://www.who.int/data/gho/indicator-metadata-registry/imr-details/111,NHA_IND,India note,,PUBLISHED,Published,,2002,2002,,SEAR,2002,2002,South-East Asia,,WB_LMI,Lower-middle-income,,IND,India,,21.06,21.06363,,,,,
WHS7_156,Per capita total expenditure on health at average exchange rate (US$),https://www.who.int/data/gho/indicator-metadata-registry/imr-details/111,NHA_IND,India note,,PUBLISHED,Published,,2003,2003,,SEAR,2003,2003,South-East Asia,,WB_LMI,Lower-middle-income,,IND,India,,23.65,23.64569,,,,,
WHS7_156,Per capita total expenditure on health at average exchange rate (US$),https://www.who.int/data/gho/indicator-metadata-registry/imr-details/111,NHA_IND,India note,,PUBLISHED,Published,,2004,2004,,SEAR,2004,2004,South-East Asia,,WB_LMI,Lower-middle-income,,IND,India,,26.80,26.80476,,,,,
WHS7_156,Per capita total expenditure on health at average exchange rate (US$),https://www.who.int/data/gho/indicator-metadata-registry/imr-details/111,NHA_IND,India note,,PUBLISHED,Published,,2005,2005,,SEAR,2005,2005,South-East Asia,,WB_LMI,Lower-middle-income,,IND,India,,31.34,31.33999,,,,,
WHS7_156,Per capita total expenditure on health at average exchange rate (US$),https://www.who.int/data/gho/indicator-metadata-registry/imr-details/111,NHA_IND,India note,,PUBLISHED,Published,,2006,2006,,SEAR,2006,2006,South-East Asia,,WB_LMI,Lower-middle-income,,IND,India,,34.64,34.64006,,,,,
WHS7_156,Per capita total expenditure on health at average exchange rate (US$),https://www.who.int/data/gho/indicator-metadata-registry/imr-details/111,NHA_IND,India note,,PUBLISHED,Published,,2007,2007,,SEAR,2007,2007,South-East Asia,,WB_LMI,Lower-middle-income,,IND,India,,43.21,43.21205,,,,,
WHS7_156,Per capita total expenditure on health at average exchange rate (US$),https://www.who.int/data/gho/indicator-metadata-registry/imr-details/111,NHA_IND,India note,,PUBLISHED,Published,,2008,2008,,SEAR,2008,2008,South-East Asia,,WB_LMI,Lower-middle-income,,IND,India,,46.91,46.91283,,,,,
WHS7_156,Per capita total expenditure on health at average exchange rate (US$),https://www.who.int/data/gho/indicator-metadata-registry/imr-details/111,NHA_IND,India note,,PUBLISHED,Published,,2009,2009,,SEAR,2009,2009,South-East Asia,,WB_LMI,Lower-middle-income,,IND,India,,48.23,48.22855,,,,,
WHS7_156,Per capita total expenditure on health at average exchange rate (US$),https://www.who.int/data/gho/indicator-metadata-registry/imr-details/111,NHA_IND,India note,,PUBLISHED,Published,,2010,2010,,SEAR,2010,2010,South-East Asia,,WB_LMI,Lower-middle-income,,IND,India,,59.18,59.18430,,,,,
WHS7_156,Per capita total expenditure on health at average exchange rate (US$),https://www.who.int/data/gho/indicator-metadata-registry/imr-details/111,NHA_IND,India note,,PUBLISHED,Published,,2011,2011,,SEAR,2011,2011,South-East Asia,,WB_LMI,Lower-middle-income,,IND,India,,65.71,65.70509,,,,,
WHS7_156,Per capita total expenditure on health at average exchange rate (US$),https://www.who.int/data/gho/indicator-metadata-registry/imr-details/111,NHA_IND,India note,,PUBLISHED,Published,,2012,2012,,SEAR,2012,2012,South-East Asia,,WB_LMI,Lower-middle-income,,IND,India,,64.93,64.92646,,,,,
WHS7_156,Per capita total expenditure on health at average exchange rate (US$),https://www.who.int/data/gho/indicator-metadata-registry/imr-details/111,NHA_IND,India note,,PUBLISHED,Published,,2013,2013,,SEAR,2013,2013,South-East Asia,,WB_LMI,Lower-middle-income,,IND,India,,68.53,68.53284,,,,,
WHS7_156,Per capita total expenditure on health at average exchange rate (US$),https://www.who.int/data/gho/indicator-metadata-registry/imr-details/111,NHA_IND,India note,,PUBLISHED,Published,,2014,2014,,SEAR,2014,2014,South-East Asia,,WB_LMI,Lower-middle-income,,IND,India,,74.99,74.99460,,,,,
WHS7_150,Out-of-pocket expenditure as a percentage of total expenditure on health,https://www.who.int/data/gho/indicator-metadata-registry/imr-details/4445,NHA_IND,India note,,PUBLISHED,Published,,1997,1997,,SEAR,1997,1997,South-East Asia,,WB_LMI,Lower-middle-income,,IND,India,,68.71,68.71479,,,,,
WHS7_150,Out-of-pocket expenditure as a percentage of total expenditure on health,https://www.who.int/data/gho/indicator-metadata-registry/imr-details/4445,NHA_IND,India note,,PUBLISHED,Published,,2005,2005,,SEAR,2005,2005,South-East Asia,,WB_LMI,Lower-middle-income,,IND,India,,65.90,65.90060,,,,,
WHS7_150,Out-of-pocket expenditure as a percentage of total expenditure on health,https://www.who.int/data/gho/indicator-metadata-registry/imr-details/4445,NHA_IND,India note,,PUBLISHED,Published,,2006,2006,,SEAR,2006,2006,South-East Asia,,WB_LMI,Lower-middle-income,,IND,India,,65.75,65.74717,,,,,
WHS7_150,Out-of-pocket expenditure as a percentage of total expenditure on health,https://www.who.int/data/gho/indicator-metadata-registry/imr-details/4445,NHA_IND,India note,,PUBLISHED,Published,,2002,2002,,SEAR,2002,2002,South-East Asia,,WB_LMI,Lower-middle-income,,IND,India,,70.50,70.49630,,,,,
WHS7_150,Out-of-pocket expenditure as a percentage of total expenditure on health,https://www.who.int/data/gho/indicator-metadata-registry/imr-details/4445,NHA_IND,India note,,PUBLISHED,Published,,2004,2004,,SEAR,2004,2004,South-East Asia,,WB_LMI,Lower-middle-income,,IND,India,,67.85,67.85185,,,,,
WHS7_150,Out-of-pocket expenditure as a percentage of total expenditure on health,https://www.who.int/data/gho/indicator-metadata-registry/imr-details/4445,NHA_IND,India note,,PUBLISHED,Published,,2013,2013,,SEAR,2013,2013,South-East Asia,,WB_LMI,Lower-middle-income,,IND,India,,63.81,63.81069,,,,,
WHS7_150,Out-of-pocket expenditure as a percentage of total expenditure on health,https://www.who.int/data/gho/indicator-metadata-registry/imr-details/4445,NHA_IND,India note,,PUBLISHED,Published,,1998,1998,,SEAR,1998,1998,South-East Asia,,WB_LMI,Lower-middle-income,,IND,India,,68.23,68.23424,,,,,
WHS7_150,Out-of-pocket expenditure as a percentage of total expenditure on health,https://www.who.int/data/gho/indicator-metadata-registry/imr-details/4445,NHA_IND,India note,,PUBLISHED,Published,,1999,1999,,SEAR,1999,1999,South-East Asia,,WB_LMI,Lower-middle-income,,IND,India,,65.46,65.46026,,,,,
WHS7_150,Out-of-pocket expenditure as a percentage of total expenditure on health,https://www.who.int/data/gho/indicator-metadata-registry/imr-details/4445,NHA_IND,India note,,PUBLISHED,Published,,2008,2008,,SEAR,2008,2008,South-East Asia,,WB_LMI,Lower-middle-income,,IND,India,,64.39,64.39142,,,,,
WHS7_150,Out-of-pocket expenditure as a percentage of total expenditure on health,https://www.who.int/data/gho/indicator-metadata-registry/imr-details/4445,NHA_IND,India note,,PUBLISHED,Published,,1996,1996,,SEAR,1996,1996,South-East Asia,,WB_LMI,Lower-middle-income,,IND,India,,67.51,67.51286,,,,,
WHS7_150,Out-of-pocket expenditure as a percentage of total expenditure on health,https://www.who.int/data/gho/indicator-metadata-registry/imr-details/4445,NHA_IND,India note,,PUBLISHED,Published,,2003,2003,,SEAR,2003,2003,South-East Asia,,WB_LMI,Lower-middle-income,,IND,India,,70.61,70.61010,,,,,
WHS7_150,Out-of-pocket expenditure as a percentage of total expenditure on health,https://www.who.int/data/gho/indicator-metadata-registry/imr-details/4445,NHA_IND,India note,,PUBLISHED,Published,,2009,2009,,SEAR,2009,2009,South-East Asia,,WB_LMI,Lower-middle-income,,IND,India,,63.33,63.32873,,,,,
WHS7_150,Out-of-pocket expenditure as a percentage of total expenditure on health,https://www.who.int/data/gho/indicator-metadata-registry/imr-details/4445,NHA_IND,India note,,PUBLISHED,Published,,1995,1995,,SEAR,1995,1995,South-East Asia,,WB_LMI,Lower-middle-income,,IND,India,,67.45,67.45427,,,,,
WHS7_150,Out-of-pocket expenditure as a percentage of total expenditure on health,https://www.who.int/data/gho/indicator-metadata-registry/imr-details/4445,NHA_IND,India note,,PUBLISHED,Published,,2001,2001,,SEAR,2001,2001,South-East Asia,,WB_LMI,Lower-middle-income,,IND,India,,70.26,70.25576,,,,,
WHS7_150,Out-of-pocket expenditure as a percentage of total expenditure on health,https://www.who.int/data/gho/indicator-metadata-registry/imr-details/4445,NHA_IND,India note,,PUBLISHED,Published,,2010,2010,,SEAR,2010,2010,South-East Asia,,WB_LMI,Lower-middle-income,,IND,India,,63.37,63.37102,,,,,
WHS7_150,Out-of-pocket expenditure as a percentage of total expenditure on health,https://www.who.int/data/gho/indicator-metadata-registry/imr-details/4445,NHA_IND,India note,,PUBLISHED,Published,,2011,2011,,SEAR,2011,2011,South-East Asia,,WB_LMI,Lower-middle-income,,IND,India,,64.43,64.43436,,,,,
WHS7_150,Out-of-pocket expenditure as a percentage of total expenditure on health,https://www.who.int/data/gho/indicator-metadata-registry/imr-details/4445,NHA_IND,India note,,PUBLISHED,Published,,2012,2012,,SEAR,2012,2012,South-East Asia,,WB_LMI,Lower-middle-income,,IND,India,,64.88,64.88389,,,,,
WHS7_150,Out-of-pocket expenditure as a percentage of total expenditure on health,https://www.who.int/data/gho/indicator-metadata-registry/imr-details/4445,NHA_IND,India note,,PUBLISHED,Published,,2000,2000,,SEAR,2000,2000,South-East Asia,,WB_LMI,Lower-middle-income,,IND,India,,67.86,67.85511,,,,,
WHS7_150,Out-of-pocket expenditure as a percentage of total expenditure on health,https://www.who.int/data/gho/indicator-metadata-registry/imr-details/4445,NHA_IND,India note,,PUBLISHED,Published,,2007,2007,,SEAR,2007,2007,South-East Asia,,WB_LMI,Lower-middle-income,,IND,India,,65.25,65.25154,,,,,
WHS7_150,Out-of-pocket expenditure as a percentage of total expenditure on health,https://www.who.int/data/gho/indicator-metadata-registry/imr-details/4445,NHA_IND,India note,,PUBLISHED,Published,,2014,2014,,SEAR,2014,2014,South-East Asia,,WB_LMI,Lower-middle-income,,IND,India,,62.42,62.41736,,,,,
