GHO (CODE),GHO (DISPLAY),GHO (URL),PUBLISHSTATE (CODE),PUBLISHSTATE (DISPLAY),PUBLISHSTATE (URL),YEAR (CODE),YEAR (DISPLAY),YEAR (URL),REGION (CODE),REGION (DISPLAY),REGION (URL),COUNTRY (CODE),STARTYEAR,ENDYEAR,COUNTRY (DISPLAY),COUNTRY (URL),SEX (CODE),SEX (DISPLAY),SEX (URL),GHECAUSES (CODE),GHECAUSES (DISPLAY),GHECAUSES (URL),Display Value,Numeric,Low,High,StdErr,StdDev,Comments
#indicator+code,#indicator+name,#indicator+url,#status+code,#status+name,,,#date+year,,#region+code,#region+name,,#country+code,#date+year+start,#date+year+end,#country+name,,#sex+code,#sex+name,,,,,,#indicator+value+num,,,,,
SDG_SH_DTH_RNCOM,"Number of deaths attributed to non-communicable diseases, by type of disease and sex",https://www.who.int/data/gho/indicator-metadata-registry/imr-details/36,PUBLISHED,Published,,2004,2004,,SEAR,South-East Asia,,IND,2004,2004,India,,BTSX,Both sexes,,GHE110,Cardiovascular diseases,,1690351 [1354879-2082052],1690351.00000,1354879.00000,2082052.00000,,,
SDG_SH_DTH_RNCOM,"Number of deaths attributed to non-communicable diseases, by type of disease and sex",https://www.who.int/data/gho/indicator-metadata-registry/imr-details/36,PUBLISHED,Published,,2014,2014,,SEAR,South-East Asia,,IND,2014,2014,India,,FMLE,Female,,GHE110,Cardiovascular diseases,,972747 [769371-1188591],972746.90000,769371.20000,1188591.00000,,,
SDG_SH_DTH_RNCOM,"Number of deaths attributed to non-communicable diseases, by type of disease and sex",https://www.who.int/data/gho/indicator-metadata-registry/imr-details/36,PUBLISHED,Published,,2005,2005,,SEAR,South-East Asia,,IND,2005,2005,India,,BTSX,Both sexes,,GHE110,Cardiovascular diseases,,1747713 [1406928-2149269],1747713.00000,1406928.00000,2149269.00000,,,
SDG_SH_DTH_RNCOM,"Number of deaths attributed to non-communicable diseases, by type of disease and sex",https://www.who.int/data/gho/indicator-metadata-registry/imr-details/36,PUBLISHED,Published,,2014,2014,,SEAR,South-East Asia,,IND,2014,2014,India,,MLE,Male,,GHE110,Cardiovascular diseases,,1312753 [1099817-1556001],1312753.00000,1099817.00000,1556001.00000,,,
SDG_SH_DTH_RNCOM,"Number of deaths attributed to non-communicable diseases, by type of disease and sex",https://www.who.int/data/gho/indicator-metadata-registry/imr-details/36,PUBLISHED,Published,,2015,2015,,SEAR,South-East Asia,,IND,2015,2015,India,,MLE,Male,,GHE110,Cardiovascular diseases,,1314790 [1096857-1568563],1314790.00000,1096857.00000,1568563.00000,,,
SDG_SH_DTH_RNCOM,"Number of deaths attributed to non-communicable diseases, by type of disease and sex",https://www.who.int/data/gho/indicator-metadata-registry/imr-details/36,PUBLISHED,Published,,2008,2008,,SEAR,South-East Asia,,IND,2008,2008,India,,FMLE,Female,,GHE110,Cardiovascular diseases,,850173 [674687-1044000],850172.50000,674686.90000,1044000.00000,,,
SDG_SH_DTH_RNCOM,"Number of deaths attributed to non-communicable diseases, by type of disease and sex",https://www.who.int/data/gho/indicator-metadata-registry/imr-details/36,PUBLISHED,Published,,2002,2002,,SEAR,South-East Asia,,IND,2002,2002,India,,FMLE,Female,,GHE110,Cardiovascular diseases,,776477 [602440-971897],776476.90000,602440.30000,971897.10000,,,
SDG_SH_DTH_RNCOM,"Number of deaths attributed to non-communicable diseases, by type of disease and sex",https://www.who.int/data/gho/indicator-metadata-registry/imr-details/36,PUBLISHED,Published,,2005,2005,,SEAR,South-East Asia,,IND,2005,2005,India,,FMLE,Female,,GHE110,Cardiovascular diseases,,747198 [585761-930967],747197.70000,585760.70000,930966.60000,,,
SDG_SH_DTH_RNCOM,"Number of deaths attributed to non-communicable diseases, by type of disease and sex",https://www.who.int/data/gho/indicator-metadata-registry/imr-details/36,PUBLISHED,Published,,2012,2012,,SEAR,South-East Asia,,IND,2012,2012,India,,MLE,Male,,GHE110,Cardiovascular diseases,,1291404 [1075616-1531725],1291404.00000,1075616.00000,1531725.00000,,,
SDG_SH_DTH_RNCOM,"Number of deaths attributed to non-communicable diseases, by type of disease and sex",https://www.who.int/data/gho/indicator-metadata-registry/imr-details/36,PUBLISHED,Published,,2012,2012,,SEAR,South-East Asia,,IND,2012,2012,India,,FMLE,Female,,GHE110,Cardiovascular diseases,,904236 [721515-1100670],904236.30000,721514.60000,1100670.00000,,,
SDG_SH_DTH_RNCOM,"Number of deaths attributed to non-communicable diseases, by type of disease and sex",https://www.who.int/data/gho/indicator-metadata-registry/imr-details/36,PUBLISHED,Published,,2018,2018,,SEAR,South-East Asia,,IND,2018,2018,India,,FMLE,Female,,GHE110,Cardiovascular diseases,,1091411 [827370-1384067],1091411.00000,827370.20000,1384067.00000,,,
SDG_SH_DTH_RNCOM,"Number of deaths attributed to non-communicable diseases, by type of disease and sex",https://www.who.int/data/gho/indicator-metadata-registry/imr-details/36,PUBLISHED,Published,,2018,2018,,SEAR,South-East Asia,,IND,2018,2018,India,,BTSX,Both sexes,,GHE110,Cardiovascular diseases,,2513517 [1948688-3173515],2513517.00000,1948688.00000,3173515.00000,,,
SDG_SH_DTH_RNCOM,"Number of deaths attributed to non-communicable diseases, by type of disease and sex",https://www.who.int/data/gho/indicator-metadata-registry/imr-details/36,PUBLISHED,Published,,2011,2011,,SEAR,South-East Asia,,IND,2011,2011,India,,FMLE,Female,,GHE110,Cardiovascular diseases,,868712 [690972-1069436],868712.10000,690972.30000,1069436.00000,,,
SDG_SH_DTH_RNCOM,"Number of deaths attributed to non-communicable diseases, by type of disease and sex",https://www.who.int/data/gho/indicator-metadata-registry/imr-details/36,PUBLISHED,Published,,2018,2018,,SEAR,South-East Asia,,IND,2018,2018,India,,MLE,Male,,GHE110,Cardiovascular diseases,,1422107 [1121318-1789448],1422107.00000,1121318.00000,1789448.00000,,,
SDG_SH_DTH_RNCOM,"Number of deaths attributed to non-communicable diseases, by type of disease and sex",https://www.who.int/data/gho/indicator-metadata-registry/imr-details/36,PUBLISHED,Published,,2019,2019,,SEAR,South-East Asia,,IND,2019,2019,India,,MLE,Male,,GHE110,Cardiovascular diseases,,1450806 [1111032-1849975],1450806.00000,1111032.00000,1849975.00000,,,
SDG_SH_DTH_RNCOM,"Number of deaths attributed to non-communicable diseases, by type of disease and sex",https://www.who.int/data/gho/indicator-metadata-registry/imr-details/36,PUBLISHED,Published,,2001,2001,,SEAR,South-East Asia,,IND,2001,2001,India,,BTSX,Both sexes,,GHE110,Cardiovascular diseases,,1746429 [1389669-2150363],1746429.00000,1389669.00000,2150363.00000,,,
SDG_SH_DTH_RNCOM,"Number of deaths attributed to non-communicable diseases, by type of disease and sex",https://www.who.int/data/gho/indicator-metadata-registry/imr-details/36,PUBLISHED,Published,,2015,2015,,SEAR,South-East Asia,,IND,2015,2015,India,,BTSX,Both sexes,,GHE110,Cardiovascular diseases,,2326038 [1896573-2806765],2326038.00000,1896573.00000,2806765.00000,,,
SDG_SH_DTH_RNCOM,"Number of deaths attributed to non-communicable diseases, by type of disease and sex",https://www.who.int/data/gho/indicator-metadata-registry/imr-details/36,PUBLISHED,Published,,2007,2007,,SEAR,South-East Asia,,IND,2007,2007,India,,FMLE,Female,,GHE110,Cardiovascular diseases,,828548 [653974-1020161],828548.00000,653974.10000,1020161.00000,,,
SDG_SH_DTH_RNCOM,"Number of deaths attributed to non-communicable diseases, by type of disease and sex",https://www.who.int/data/gho/indicator-metadata-registry/imr-details/36,PUBLISHED,Published,,2009,2009,,SEAR,South-East Asia,,IND,2009,2009,India,,MLE,Male,,GHE110,Cardiovascular diseases,,1188577 [989206-1423283],1188577.00000,989206.30000,1423283.00000,,,
SDG_SH_DTH_RNCOM,"Number of deaths attributed to non-communicable diseases, by type of disease and sex",https://www.who.int/data/gho/indicator-metadata-registry/imr-details/36,PUBLISHED,Published,,2009,2009,,SEAR,South-East Asia,,IND,2009,2009,India,,BTSX,Both sexes,,GHE110,Cardiovascular diseases,,2014714 [1647949-2437281],2014714.00000,1647949.00000,2437281.00000,,,
SDG_SH_DTH_RNCOM,"Number of deaths attributed to non-communicable diseases, by type of disease and sex",https://www.who.int/data/gho/indicator-metadata-registry/imr-details/36,PUBLISHED,Published,,2010,2010,,SEAR,South-East Asia,,IND,2010,2010,India,,MLE,Male,,GHE110,Cardiovascular diseases,,1207251 [1001499-1447930],1207251.00000,1001499.00000,1447930.00000,,,
SDG_SH_DTH_RNCOM,"Number of deaths attributed to non-communicable diseases, by type of disease and sex",https://www.who.int/data/gho/indicator-metadata-registry/imr-details/36,PUBLISHED,Published,,2001,2001,,SEAR,South-East Asia,,IND,2001,2001,India,,MLE,Male,,GHE110,Cardiovascular diseases,,988369 [804824-1201119],988369.30000,804823.80000,1201119.00000,,,
SDG_SH_DTH_RNCOM,"Number of deaths attributed to non-communicable diseases, by type of disease and sex",https://www.who.int/data/gho/indicator-metadata-registry/imr-details/36,PUBLISHED,Published,,2010,2010,,SEAR,South-East Asia,,IND,2010,2010,India,,BTSX,Both sexes,,GHE110,Cardiovascular diseases,,2038165 [1660327-2473183],2038165.00000,1660327.00000,2473183.00000,,,
SDG_SH_DTH_RNCOM,"Number of deaths attributed to non-communicable diseases, by type of disease and sex",https://www.who.int/data/gho/indicator-metadata-registry/imr-details/36,PUBLISHED,Published,,2007,2007,,SEAR,South-East Asia,,IND,2007,2007,India,,BTSX,Both sexes,,GHE110,Cardiovascular diseases,,1948347 [1583014-2365954],1948347.00000,1583014.00000,2365954.00000,,,
SDG_SH_DTH_RNCOM,"Number of deaths attributed to non-communicable diseases, by type of disease and sex",https://www.who.int/data/gho/indicator-metadata-registry/imr-details/36,PUBLISHED,Published,,2006,2006,,SEAR,South-East Asia,,IND,2006,2006,India,,FMLE,Female,,GHE110,Cardiovascular diseases,,795104 [627440-984340],795103.70000,627439.50000,984339.80000,,,
SDG_SH_DTH_RNCOM,"Number of deaths attributed to non-communicable diseases, by type of disease and sex",https://www.who.int/data/gho/indicator-metadata-registry/imr-details/36,PUBLISHED,Published,,2004,2004,,SEAR,South-East Asia,,IND,2004,2004,India,,MLE,Male,,GHE110,Cardiovascular diseases,,967401 [790501-1178135],967401.10000,790501.30000,1178135.00000,,,
SDG_SH_DTH_RNCOM,"Number of deaths attributed to non-communicable diseases, by type of disease and sex",https://www.who.int/data/gho/indicator-metadata-registry/imr-details/36,PUBLISHED,Published,,2013,2013,,SEAR,South-East Asia,,IND,2013,2013,India,,BTSX,Both sexes,,GHE110,Cardiovascular diseases,,2265454 [1864314-2706746],2265454.00000,1864314.00000,2706746.00000,,,
SDG_SH_DTH_RNCOM,"Number of deaths attributed to non-communicable diseases, by type of disease and sex",https://www.who.int/data/gho/indicator-metadata-registry/imr-details/36,PUBLISHED,Published,,2015,2015,,SEAR,South-East Asia,,IND,2015,2015,India,,FMLE,Female,,GHE110,Cardiovascular diseases,,1011248 [799716-1238202],1011248.00000,799715.90000,1238202.00000,,,
SDG_SH_DTH_RNCOM,"Number of deaths attributed to non-communicable diseases, by type of disease and sex",https://www.who.int/data/gho/indicator-metadata-registry/imr-details/36,PUBLISHED,Published,,2008,2008,,SEAR,South-East Asia,,IND,2008,2008,India,,MLE,Male,,GHE110,Cardiovascular diseases,,1181675 [980521-1417765],1181675.00000,980520.60000,1417765.00000,,,
SDG_SH_DTH_RNCOM,"Number of deaths attributed to non-communicable diseases, by type of disease and sex",https://www.who.int/data/gho/indicator-metadata-registry/imr-details/36,PUBLISHED,Published,,2002,2002,,SEAR,South-East Asia,,IND,2002,2002,India,,BTSX,Both sexes,,GHE110,Cardiovascular diseases,,1782101 [1424815-2192146],1782101.00000,1424815.00000,2192146.00000,,,
SDG_SH_DTH_RNCOM,"Number of deaths attributed to non-communicable diseases, by type of disease and sex",https://www.who.int/data/gho/indicator-metadata-registry/imr-details/36,PUBLISHED,Published,,2009,2009,,SEAR,South-East Asia,,IND,2009,2009,India,,FMLE,Female,,GHE110,Cardiovascular diseases,,826137 [658743-1013998],826137.00000,658742.50000,1013998.00000,,,
SDG_SH_DTH_RNCOM,"Number of deaths attributed to non-communicable diseases, by type of disease and sex",https://www.who.int/data/gho/indicator-metadata-registry/imr-details/36,PUBLISHED,Published,,2012,2012,,SEAR,South-East Asia,,IND,2012,2012,India,,BTSX,Both sexes,,GHE110,Cardiovascular diseases,,2195640 [1797130-2632395],2195640.00000,1797130.00000,2632395.00000,,,
SDG_SH_DTH_RNCOM,"Number of deaths attributed to non-communicable diseases, by type of disease and sex",https://www.who.int/data/gho/indicator-metadata-registry/imr-details/36,PUBLISHED,Published,,2019,2019,,SEAR,South-East Asia,,IND,2019,2019,India,,BTSX,Both sexes,,GHE110,Cardiovascular diseases,,2566492 [1932806-3286071],2566492.00000,1932806.00000,3286071.00000,,,
SDG_SH_DTH_RNCOM,"Number of deaths attributed to non-communicable diseases, by type of disease and sex",https://www.who.int/data/gho/indicator-metadata-registry/imr-details/36,PUBLISHED,Published,,2010,2010,,SEAR,South-East Asia,,IND,2010,2010,India,,FMLE,Female,,GHE110,Cardiovascular diseases,,830914 [658827-1025253],830913.80000,658827.40000,1025253.00000,,,
SDG_SH_DTH_RNCOM,"Number of deaths attributed to non-communicable diseases, by type of disease and sex",https://www.who.int/data/gho/indicator-metadata-registry/imr-details/36,PUBLISHED,Published,,2016,2016,,SEAR,South-East Asia,,IND,2016,2016,India,,BTSX,Both sexes,,GHE110,Cardiovascular diseases,,2380515 [1924178-2898578],2380515.00000,1924178.00000,2898578.00000,,,
SDG_SH_DTH_RNCOM,"Number of deaths attributed to non-communicable diseases, by type of disease and sex",https://www.who.int/data/gho/indicator-metadata-registry/imr-details/36,PUBLISHED,Published,,2011,2011,,SEAR,South-East Asia,,IND,2011,2011,India,,MLE,Male,,GHE110,Cardiovascular diseases,,1251794 [1038874-1504231],1251794.00000,1038874.00000,1504231.00000,,,
SDG_SH_DTH_RNCOM,"Number of deaths attributed to non-communicable diseases, by type of disease and sex",https://www.who.int/data/gho/indicator-metadata-registry/imr-details/36,PUBLISHED,Published,,2002,2002,,SEAR,South-East Asia,,IND,2002,2002,India,,MLE,Male,,GHE110,Cardiovascular diseases,,1005624 [822375-1220249],1005624.00000,822375.00000,1220249.00000,,,
SDG_SH_DTH_RNCOM,"Number of deaths attributed to non-communicable diseases, by type of disease and sex",https://www.who.int/data/gho/indicator-metadata-registry/imr-details/36,PUBLISHED,Published,,2013,2013,,SEAR,South-East Asia,,IND,2013,2013,India,,FMLE,Female,,GHE110,Cardiovascular diseases,,944989 [755512-1145585],944988.60000,755512.00000,1145585.00000,,,
SDG_SH_DTH_RNCOM,"Number of deaths attributed to non-communicable diseases, by type of disease and sex",https://www.who.int/data/gho/indicator-metadata-registry/imr-details/36,PUBLISHED,Published,,2017,2017,,SEAR,South-East Asia,,IND,2017,2017,India,,BTSX,Both sexes,,GHE110,Cardiovascular diseases,,2429187 [1928340-3013394],2429187.00000,1928340.00000,3013394.00000,,,
SDG_SH_DTH_RNCOM,"Number of deaths attributed to non-communicable diseases, by type of disease and sex",https://www.who.int/data/gho/indicator-metadata-registry/imr-details/36,PUBLISHED,Published,,2013,2013,,SEAR,South-East Asia,,IND,2013,2013,India,,MLE,Male,,GHE110,Cardiovascular diseases,,1320466 [1108802-1561161],1320466.00000,1108802.00000,1561161.00000,,,
SDG_SH_DTH_RNCOM,"Number of deaths attributed to non-communicable diseases, by type of disease and sex",https://www.who.int/data/gho/indicator-metadata-registry/imr-details/36,PUBLISHED,Published,,2017,2017,,SEAR,South-East Asia,,IND,2017,2017,India,,FMLE,Female,,GHE110,Cardiovascular diseases,,1054799 [815042-1319600],1054799.00000,815042.40000,1319600.00000,,,
SDG_SH_DTH_RNCOM,"Number of deaths attributed to non-communicable diseases, by type of disease and sex",https://www.who.int/data/gho/indicator-metadata-registry/imr-details/36,PUBLISHED,Published,,2005,2005,,SEAR,South-East Asia,,IND,2005,2005,India,,MLE,Male,,GHE110,Cardiovascular diseases,,1000515 [821167-1218302],1000515.00000,821167.40000,1218302.00000,,,
SDG_SH_DTH_RNCOM,"Number of deaths attributed to non-communicable diseases, by type of disease and sex",https://www.who.int/data/gho/indicator-metadata-registry/imr-details/36,PUBLISHED,Published,,2016,2016,,SEAR,South-East Asia,,IND,2016,2016,India,,FMLE,Female,,GHE110,Cardiovascular diseases,,1033496 [807446-1274514],1033496.00000,807445.90000,1274514.00000,,,
SDG_SH_DTH_RNCOM,"Number of deaths attributed to non-communicable diseases, by type of disease and sex",https://www.who.int/data/gho/indicator-metadata-registry/imr-details/36,PUBLISHED,Published,,2006,2006,,SEAR,South-East Asia,,IND,2006,2006,India,,BTSX,Both sexes,,GHE110,Cardiovascular diseases,,1856119 [1504380-2270187],1856119.00000,1504380.00000,2270187.00000,,,
SDG_SH_DTH_RNCOM,"Number of deaths attributed to non-communicable diseases, by type of disease and sex",https://www.who.int/data/gho/indicator-metadata-registry/imr-details/36,PUBLISHED,Published,,2007,2007,,SEAR,South-East Asia,,IND,2007,2007,India,,MLE,Male,,GHE110,Cardiovascular diseases,,1119799 [929040-1345793],1119799.00000,929039.90000,1345793.00000,,,
SDG_SH_DTH_RNCOM,"Number of deaths attributed to non-communicable diseases, by type of disease and sex",https://www.who.int/data/gho/indicator-metadata-registry/imr-details/36,PUBLISHED,Published,,2016,2016,,SEAR,South-East Asia,,IND,2016,2016,India,,MLE,Male,,GHE110,Cardiovascular diseases,,1347019 [1116732-1624065],1347019.00000,1116732.00000,1624065.00000,,,
SDG_SH_DTH_RNCOM,"Number of deaths attributed to non-communicable diseases, by type of disease and sex",https://www.who.int/data/gho/indicator-metadata-registry/imr-details/36,PUBLISHED,Published,,2000,2000,,SEAR,South-East Asia,,IND,2000,2000,India,,FMLE,Female,,GHE110,Cardiovascular diseases,,730145 [559148-922011],730145.40000,559148.10000,922011.40000,,,
SDG_SH_DTH_RNCOM,"Number of deaths attributed to non-communicable diseases, by type of disease and sex",https://www.who.int/data/gho/indicator-metadata-registry/imr-details/36,PUBLISHED,Published,,2003,2003,,SEAR,South-East Asia,,IND,2003,2003,India,,BTSX,Both sexes,,GHE110,Cardiovascular diseases,,1763581 [1414247-2165427],1763581.00000,1414247.00000,2165427.00000,,,
SDG_SH_DTH_RNCOM,"Number of deaths attributed to non-communicable diseases, by type of disease and sex",https://www.who.int/data/gho/indicator-metadata-registry/imr-details/36,PUBLISHED,Published,,2011,2011,,SEAR,South-East Asia,,IND,2011,2011,India,,BTSX,Both sexes,,GHE110,Cardiovascular diseases,,2120506 [1729846-2573667],2120506.00000,1729846.00000,2573667.00000,,,
SDG_SH_DTH_RNCOM,"Number of deaths attributed to non-communicable diseases, by type of disease and sex",https://www.who.int/data/gho/indicator-metadata-registry/imr-details/36,PUBLISHED,Published,,2017,2017,,SEAR,South-East Asia,,IND,2017,2017,India,,MLE,Male,,GHE110,Cardiovascular diseases,,1374388 [1113298-1693794],1374388.00000,1113298.00000,1693794.00000,,,
SDG_SH_DTH_RNCOM,"Number of deaths attributed to non-communicable diseases, by type of disease and sex",https://www.who.int/data/gho/indicator-metadata-registry/imr-details/36,PUBLISHED,Published,,2008,2008,,SEAR,South-East Asia,,IND,2008,2008,India,,BTSX,Both sexes,,GHE110,Cardiovascular diseases,,2031848 [1655208-2461765],2031848.00000,1655208.00000,2461765.00000,,,
SDG_SH_DTH_RNCOM,"Number of deaths attributed to non-communicable diseases, by type of disease and sex",https://www.who.int/data/gho/indicator-metadata-registry/imr-details/36,PUBLISHED,Published,,2001,2001,,SEAR,South-East Asia,,IND,2001,2001,India,,FMLE,Female,,GHE110,Cardiovascular diseases,,758060 [584846-949244],758059.60000,584845.60000,949243.70000,,,
SDG_SH_DTH_RNCOM,"Number of deaths attributed to non-communicable diseases, by type of disease and sex",https://www.who.int/data/gho/indicator-metadata-registry/imr-details/36,PUBLISHED,Published,,2003,2003,,SEAR,South-East Asia,,IND,2003,2003,India,,MLE,Male,,GHE110,Cardiovascular diseases,,1007343 [824643-1222109],1007343.00000,824643.10000,1222109.00000,,,
SDG_SH_DTH_RNCOM,"Number of deaths attributed to non-communicable diseases, by type of disease and sex",https://www.who.int/data/gho/indicator-metadata-registry/imr-details/36,PUBLISHED,Published,,2014,2014,,SEAR,South-East Asia,,IND,2014,2014,India,,BTSX,Both sexes,,GHE110,Cardiovascular diseases,,2285500 [1869188-2744592],2285500.00000,1869188.00000,2744592.00000,,,
SDG_SH_DTH_RNCOM,"Number of deaths attributed to non-communicable diseases, by type of disease and sex",https://www.who.int/data/gho/indicator-metadata-registry/imr-details/36,PUBLISHED,Published,,2019,2019,,SEAR,South-East Asia,,IND,2019,2019,India,,FMLE,Female,,GHE110,Cardiovascular diseases,,1115687 [821773-1436096],1115687.00000,821773.30000,1436096.00000,,,
SDG_SH_DTH_RNCOM,"Number of deaths attributed to non-communicable diseases, by type of disease and sex",https://www.who.int/data/gho/indicator-metadata-registry/imr-details/36,PUBLISHED,Published,,2004,2004,,SEAR,South-East Asia,,IND,2004,2004,India,,FMLE,Female,,GHE110,Cardiovascular diseases,,722950 [564378-903917],722950.10000,564378.10000,903916.60000,,,
SDG_SH_DTH_RNCOM,"Number of deaths attributed to non-communicable diseases, by type of disease and sex",https://www.who.int/data/gho/indicator-metadata-registry/imr-details/36,PUBLISHED,Published,,2006,2006,,SEAR,South-East Asia,,IND,2006,2006,India,,MLE,Male,,GHE110,Cardiovascular diseases,,1061016 [876940-1285847],1061016.00000,876940.30000,1285847.00000,,,
SDG_SH_DTH_RNCOM,"Number of deaths attributed to non-communicable diseases, by type of disease and sex",https://www.who.int/data/gho/indicator-metadata-registry/imr-details/36,PUBLISHED,Published,,2000,2000,,SEAR,South-East Asia,,IND,2000,2000,India,,MLE,Male,,GHE110,Cardiovascular diseases,,960549 [780665-1170137],960549.40000,780665.30000,1170137.00000,,,
SDG_SH_DTH_RNCOM,"Number of deaths attributed to non-communicable diseases, by type of disease and sex",https://www.who.int/data/gho/indicator-metadata-registry/imr-details/36,PUBLISHED,Published,,2000,2000,,SEAR,South-East Asia,,IND,2000,2000,India,,BTSX,Both sexes,,GHE110,Cardiovascular diseases,,1690695 [1339813-2092148],1690695.00000,1339813.00000,2092148.00000,,,
SDG_SH_DTH_RNCOM,"Number of deaths attributed to non-communicable diseases, by type of disease and sex",https://www.who.int/data/gho/indicator-metadata-registry/imr-details/36,PUBLISHED,Published,,2003,2003,,SEAR,South-East Asia,,IND,2003,2003,India,,FMLE,Female,,GHE110,Cardiovascular diseases,,756238 [589603-943318],756238.30000,589603.40000,943317.80000,,,
SDG_SH_DTH_RNCOM,"Number of deaths attributed to non-communicable diseases, by type of disease and sex",https://www.who.int/data/gho/indicator-metadata-registry/imr-details/36,PUBLISHED,Published,,2002,2002,,SEAR,South-East Asia,,IND,2002,2002,India,,FMLE,Female,,GHE080,Diabetes mellitus,,94960 [73163-120661],94959.67000,73163.12000,120660.60000,,,
SDG_SH_DTH_RNCOM,"Number of deaths attributed to non-communicable diseases, by type of disease and sex",https://www.who.int/data/gho/indicator-metadata-registry/imr-details/36,PUBLISHED,Published,,2013,2013,,SEAR,South-East Asia,,IND,2013,2013,India,,MLE,Male,,GHE080,Diabetes mellitus,,158914 [126420-196882],158913.80000,126420.10000,196881.80000,,,
SDG_SH_DTH_RNCOM,"Number of deaths attributed to non-communicable diseases, by type of disease and sex",https://www.who.int/data/gho/indicator-metadata-registry/imr-details/36,PUBLISHED,Published,,2015,2015,,SEAR,South-East Asia,,IND,2015,2015,India,,MLE,Male,,GHE080,Diabetes mellitus,,164553 [129178-204765],164552.50000,129178.20000,204764.70000,,,
SDG_SH_DTH_RNCOM,"Number of deaths attributed to non-communicable diseases, by type of disease and sex",https://www.who.int/data/gho/indicator-metadata-registry/imr-details/36,PUBLISHED,Published,,2002,2002,,SEAR,South-East Asia,,IND,2002,2002,India,,MLE,Male,,GHE080,Diabetes mellitus,,110316 [85407-138219],110316.30000,85406.66000,138218.90000,,,
SDG_SH_DTH_RNCOM,"Number of deaths attributed to non-communicable diseases, by type of disease and sex",https://www.who.int/data/gho/indicator-metadata-registry/imr-details/36,PUBLISHED,Published,,2005,2005,,SEAR,South-East Asia,,IND,2005,2005,India,,FMLE,Female,,GHE080,Diabetes mellitus,,100240 [77557-127049],100240.40000,77557.14000,127049.40000,,,
SDG_SH_DTH_RNCOM,"Number of deaths attributed to non-communicable diseases, by type of disease and sex",https://www.who.int/data/gho/indicator-metadata-registry/imr-details/36,PUBLISHED,Published,,2005,2005,,SEAR,South-East Asia,,IND,2005,2005,India,,MLE,Male,,GHE080,Diabetes mellitus,,119622 [93077-149064],119622.40000,93077.30000,149064.10000,,,
SDG_SH_DTH_RNCOM,"Number of deaths attributed to non-communicable diseases, by type of disease and sex",https://www.who.int/data/gho/indicator-metadata-registry/imr-details/36,PUBLISHED,Published,,2011,2011,,SEAR,South-East Asia,,IND,2011,2011,India,,FMLE,Female,,GHE080,Diabetes mellitus,,115226 [89683-143674],115226.40000,89682.55000,143674.30000,,,
SDG_SH_DTH_RNCOM,"Number of deaths attributed to non-communicable diseases, by type of disease and sex",https://www.who.int/data/gho/indicator-metadata-registry/imr-details/36,PUBLISHED,Published,,2008,2008,,SEAR,South-East Asia,,IND,2008,2008,India,,MLE,Male,,GHE080,Diabetes mellitus,,139871 [110403-173560],139870.80000,110403.10000,173559.80000,,,
SDG_SH_DTH_RNCOM,"Number of deaths attributed to non-communicable diseases, by type of disease and sex",https://www.who.int/data/gho/indicator-metadata-registry/imr-details/36,PUBLISHED,Published,,2019,2019,,SEAR,South-East Asia,,IND,2019,2019,India,,FMLE,Female,,GHE080,Diabetes mellitus,,160838 [117662-211531],160838.00000,117661.80000,211531.20000,,,
SDG_SH_DTH_RNCOM,"Number of deaths attributed to non-communicable diseases, by type of disease and sex",https://www.who.int/data/gho/indicator-metadata-registry/imr-details/36,PUBLISHED,Published,,2015,2015,,SEAR,South-East Asia,,IND,2015,2015,India,,BTSX,Both sexes,,GHE080,Diabetes mellitus,,307689 [241562-384125],307689.30000,241562.40000,384124.50000,,,
SDG_SH_DTH_RNCOM,"Number of deaths attributed to non-communicable diseases, by type of disease and sex",https://www.who.int/data/gho/indicator-metadata-registry/imr-details/36,PUBLISHED,Published,,2014,2014,,SEAR,South-East Asia,,IND,2014,2014,India,,MLE,Male,,GHE080,Diabetes mellitus,,161749 [128097-200981],161748.50000,128097.40000,200981.00000,,,
SDG_SH_DTH_RNCOM,"Number of deaths attributed to non-communicable diseases, by type of disease and sex",https://www.who.int/data/gho/indicator-metadata-registry/imr-details/36,PUBLISHED,Published,,2012,2012,,SEAR,South-East Asia,,IND,2012,2012,India,,BTSX,Both sexes,,GHE080,Diabetes mellitus,,276728 [218540-341554],276727.80000,218540.10000,341554.30000,,,
SDG_SH_DTH_RNCOM,"Number of deaths attributed to non-communicable diseases, by type of disease and sex",https://www.who.int/data/gho/indicator-metadata-registry/imr-details/36,PUBLISHED,Published,,2010,2010,,SEAR,South-East Asia,,IND,2010,2010,India,,MLE,Male,,GHE080,Diabetes mellitus,,138437 [108696-172607],138436.70000,108696.20000,172607.30000,,,
SDG_SH_DTH_RNCOM,"Number of deaths attributed to non-communicable diseases, by type of disease and sex",https://www.who.int/data/gho/indicator-metadata-registry/imr-details/36,PUBLISHED,Published,,2009,2009,,SEAR,South-East Asia,,IND,2009,2009,India,,FMLE,Female,,GHE080,Diabetes mellitus,,108450 [85643-133553],108450.40000,85643.01000,133552.80000,,,
SDG_SH_DTH_RNCOM,"Number of deaths attributed to non-communicable diseases, by type of disease and sex",https://www.who.int/data/gho/indicator-metadata-registry/imr-details/36,PUBLISHED,Published,,2000,2000,,SEAR,South-East Asia,,IND,2000,2000,India,,FMLE,Female,,GHE080,Diabetes mellitus,,84374 [64195-108408],84373.73000,64195.38000,108407.50000,,,
SDG_SH_DTH_RNCOM,"Number of deaths attributed to non-communicable diseases, by type of disease and sex",https://www.who.int/data/gho/indicator-metadata-registry/imr-details/36,PUBLISHED,Published,,2017,2017,,SEAR,South-East Asia,,IND,2017,2017,India,,MLE,Male,,GHE080,Diabetes mellitus,,175013 [134330-223658],175013.30000,134330.00000,223658.00000,,,
SDG_SH_DTH_RNCOM,"Number of deaths attributed to non-communicable diseases, by type of disease and sex",https://www.who.int/data/gho/indicator-metadata-registry/imr-details/36,PUBLISHED,Published,,2014,2014,,SEAR,South-East Asia,,IND,2014,2014,India,,BTSX,Both sexes,,GHE080,Diabetes mellitus,,297859 [234540-370620],297859.30000,234539.50000,370619.80000,,,
SDG_SH_DTH_RNCOM,"Number of deaths attributed to non-communicable diseases, by type of disease and sex",https://www.who.int/data/gho/indicator-metadata-registry/imr-details/36,PUBLISHED,Published,,2004,2004,,SEAR,South-East Asia,,IND,2004,2004,India,,FMLE,Female,,GHE080,Diabetes mellitus,,94647 [73344-119724],94646.74000,73344.23000,119724.40000,,,
SDG_SH_DTH_RNCOM,"Number of deaths attributed to non-communicable diseases, by type of disease and sex",https://www.who.int/data/gho/indicator-metadata-registry/imr-details/36,PUBLISHED,Published,,2017,2017,,SEAR,South-East Asia,,IND,2017,2017,India,,BTSX,Both sexes,,GHE080,Diabetes mellitus,,325220 [248231-416927],325219.90000,248230.60000,416926.60000,,,
SDG_SH_DTH_RNCOM,"Number of deaths attributed to non-communicable diseases, by type of disease and sex",https://www.who.int/data/gho/indicator-metadata-registry/imr-details/36,PUBLISHED,Published,,2012,2012,,SEAR,South-East Asia,,IND,2012,2012,India,,MLE,Male,,GHE080,Diabetes mellitus,,152798 [120840-188920],152797.80000,120840.40000,188920.40000,,,
SDG_SH_DTH_RNCOM,"Number of deaths attributed to non-communicable diseases, by type of disease and sex",https://www.who.int/data/gho/indicator-metadata-registry/imr-details/36,PUBLISHED,Published,,2008,2008,,SEAR,South-East Asia,,IND,2008,2008,India,,BTSX,Both sexes,,GHE080,Diabetes mellitus,,252933 [199573-313247],252933.00000,199572.70000,313247.40000,,,
SDG_SH_DTH_RNCOM,"Number of deaths attributed to non-communicable diseases, by type of disease and sex",https://www.who.int/data/gho/indicator-metadata-registry/imr-details/36,PUBLISHED,Published,,2007,2007,,SEAR,South-East Asia,,IND,2007,2007,India,,BTSX,Both sexes,,GHE080,Diabetes mellitus,,244052 [191947-302601],244051.90000,191947.00000,302600.70000,,,
SDG_SH_DTH_RNCOM,"Number of deaths attributed to non-communicable diseases, by type of disease and sex",https://www.who.int/data/gho/indicator-metadata-registry/imr-details/36,PUBLISHED,Published,,2016,2016,,SEAR,South-East Asia,,IND,2016,2016,India,,MLE,Male,,GHE080,Diabetes mellitus,,170374 [133619-214031],170374.30000,133618.90000,214031.00000,,,
SDG_SH_DTH_RNCOM,"Number of deaths attributed to non-communicable diseases, by type of disease and sex",https://www.who.int/data/gho/indicator-metadata-registry/imr-details/36,PUBLISHED,Published,,2009,2009,,SEAR,South-East Asia,,IND,2009,2009,India,,BTSX,Both sexes,,GHE080,Diabetes mellitus,,246498 [194754-304862],246497.50000,194754.40000,304861.80000,,,
SDG_SH_DTH_RNCOM,"Number of deaths attributed to non-communicable diseases, by type of disease and sex",https://www.who.int/data/gho/indicator-metadata-registry/imr-details/36,PUBLISHED,Published,,2001,2001,,SEAR,South-East Asia,,IND,2001,2001,India,,BTSX,Both sexes,,GHE080,Diabetes mellitus,,195434 [150753-246745],195434.30000,150752.70000,246744.50000,,,
SDG_SH_DTH_RNCOM,"Number of deaths attributed to non-communicable diseases, by type of disease and sex",https://www.who.int/data/gho/indicator-metadata-registry/imr-details/36,PUBLISHED,Published,,2003,2003,,SEAR,South-East Asia,,IND,2003,2003,India,,BTSX,Both sexes,,GHE080,Diabetes mellitus,,210229 [163419-264355],210228.80000,163418.70000,264355.30000,,,
SDG_SH_DTH_RNCOM,"Number of deaths attributed to non-communicable diseases, by type of disease and sex",https://www.who.int/data/gho/indicator-metadata-registry/imr-details/36,PUBLISHED,Published,,2003,2003,,SEAR,South-East Asia,,IND,2003,2003,India,,FMLE,Female,,GHE080,Diabetes mellitus,,96053 [74354-121877],96052.66000,74354.41000,121877.10000,,,
SDG_SH_DTH_RNCOM,"Number of deaths attributed to non-communicable diseases, by type of disease and sex",https://www.who.int/data/gho/indicator-metadata-registry/imr-details/36,PUBLISHED,Published,,2010,2010,,SEAR,South-East Asia,,IND,2010,2010,India,,BTSX,Both sexes,,GHE080,Diabetes mellitus,,246617 [192695-307923],246617.00000,192695.30000,307923.20000,,,
SDG_SH_DTH_RNCOM,"Number of deaths attributed to non-communicable diseases, by type of disease and sex",https://www.who.int/data/gho/indicator-metadata-registry/imr-details/36,PUBLISHED,Published,,2018,2018,,SEAR,South-East Asia,,IND,2018,2018,India,,BTSX,Both sexes,,GHE080,Diabetes mellitus,,339528 [254137-440130],339527.80000,254137.20000,440130.20000,,,
SDG_SH_DTH_RNCOM,"Number of deaths attributed to non-communicable diseases, by type of disease and sex",https://www.who.int/data/gho/indicator-metadata-registry/imr-details/36,PUBLISHED,Published,,2000,2000,,SEAR,South-East Asia,,IND,2000,2000,India,,MLE,Male,,GHE080,Diabetes mellitus,,99704 [76767-124958],99703.96000,76766.55000,124958.30000,,,
SDG_SH_DTH_RNCOM,"Number of deaths attributed to non-communicable diseases, by type of disease and sex",https://www.who.int/data/gho/indicator-metadata-registry/imr-details/36,PUBLISHED,Published,,2017,2017,,SEAR,South-East Asia,,IND,2017,2017,India,,FMLE,Female,,GHE080,Diabetes mellitus,,150207 [113901-193269],150206.60000,113900.60000,193268.60000,,,
SDG_SH_DTH_RNCOM,"Number of deaths attributed to non-communicable diseases, by type of disease and sex",https://www.who.int/data/gho/indicator-metadata-registry/imr-details/36,PUBLISHED,Published,,2001,2001,,SEAR,South-East Asia,,IND,2001,2001,India,,MLE,Male,,GHE080,Diabetes mellitus,,105359 [81521-131965],105358.90000,81521.01000,131964.80000,,,
SDG_SH_DTH_RNCOM,"Number of deaths attributed to non-communicable diseases, by type of disease and sex",https://www.who.int/data/gho/indicator-metadata-registry/imr-details/36,PUBLISHED,Published,,2002,2002,,SEAR,South-East Asia,,IND,2002,2002,India,,BTSX,Both sexes,,GHE080,Diabetes mellitus,,205276 [158570-258880],205276.00000,158569.80000,258879.50000,,,
SDG_SH_DTH_RNCOM,"Number of deaths attributed to non-communicable diseases, by type of disease and sex",https://www.who.int/data/gho/indicator-metadata-registry/imr-details/36,PUBLISHED,Published,,2014,2014,,SEAR,South-East Asia,,IND,2014,2014,India,,FMLE,Female,,GHE080,Diabetes mellitus,,136111 [106442-169639],136110.80000,106442.00000,169638.80000,,,
SDG_SH_DTH_RNCOM,"Number of deaths attributed to non-communicable diseases, by type of disease and sex",https://www.who.int/data/gho/indicator-metadata-registry/imr-details/36,PUBLISHED,Published,,2019,2019,,SEAR,South-East Asia,,IND,2019,2019,India,,MLE,Male,,GHE080,Diabetes mellitus,,188678 [137758-249604],188677.90000,137757.80000,249604.10000,,,
SDG_SH_DTH_RNCOM,"Number of deaths attributed to non-communicable diseases, by type of disease and sex",https://www.who.int/data/gho/indicator-metadata-registry/imr-details/36,PUBLISHED,Published,,2006,2006,,SEAR,South-East Asia,,IND,2006,2006,India,,FMLE,Female,,GHE080,Diabetes mellitus,,106498 [83163-133452],106498.40000,83163.06000,133452.30000,,,
SDG_SH_DTH_RNCOM,"Number of deaths attributed to non-communicable diseases, by type of disease and sex",https://www.who.int/data/gho/indicator-metadata-registry/imr-details/36,PUBLISHED,Published,,2000,2000,,SEAR,South-East Asia,,IND,2000,2000,India,,BTSX,Both sexes,,GHE080,Diabetes mellitus,,184078 [140962-233366],184077.70000,140961.90000,233365.80000,,,
SDG_SH_DTH_RNCOM,"Number of deaths attributed to non-communicable diseases, by type of disease and sex",https://www.who.int/data/gho/indicator-metadata-registry/imr-details/36,PUBLISHED,Published,,2003,2003,,SEAR,South-East Asia,,IND,2003,2003,India,,MLE,Male,,GHE080,Diabetes mellitus,,114176 [89064-142478],114176.10000,89064.33000,142478.30000,,,
SDG_SH_DTH_RNCOM,"Number of deaths attributed to non-communicable diseases, by type of disease and sex",https://www.who.int/data/gho/indicator-metadata-registry/imr-details/36,PUBLISHED,Published,,2016,2016,,SEAR,South-East Asia,,IND,2016,2016,India,,BTSX,Both sexes,,GHE080,Diabetes mellitus,,317324 [247421-399378],317323.70000,247420.80000,399377.80000,,,
SDG_SH_DTH_RNCOM,"Number of deaths attributed to non-communicable diseases, by type of disease and sex",https://www.who.int/data/gho/indicator-metadata-registry/imr-details/36,PUBLISHED,Published,,2018,2018,,SEAR,South-East Asia,,IND,2018,2018,India,,MLE,Male,,GHE080,Diabetes mellitus,,183255 [137166-238265],183255.10000,137165.60000,238265.00000,,,
SDG_SH_DTH_RNCOM,"Number of deaths attributed to non-communicable diseases, by type of disease and sex",https://www.who.int/data/gho/indicator-metadata-registry/imr-details/36,PUBLISHED,Published,,2001,2001,,SEAR,South-East Asia,,IND,2001,2001,India,,FMLE,Female,,GHE080,Diabetes mellitus,,90075 [69232-114780],90075.41000,69231.67000,114779.80000,,,
SDG_SH_DTH_RNCOM,"Number of deaths attributed to non-communicable diseases, by type of disease and sex",https://www.who.int/data/gho/indicator-metadata-registry/imr-details/36,PUBLISHED,Published,,2011,2011,,SEAR,South-East Asia,,IND,2011,2011,India,,BTSX,Both sexes,,GHE080,Diabetes mellitus,,260224 [204099-323693],260223.70000,204098.50000,323692.50000,,,
SDG_SH_DTH_RNCOM,"Number of deaths attributed to non-communicable diseases, by type of disease and sex",https://www.who.int/data/gho/indicator-metadata-registry/imr-details/36,PUBLISHED,Published,,2015,2015,,SEAR,South-East Asia,,IND,2015,2015,India,,FMLE,Female,,GHE080,Diabetes mellitus,,143137 [112384-179360],143136.80000,112384.20000,179359.80000,,,
SDG_SH_DTH_RNCOM,"Number of deaths attributed to non-communicable diseases, by type of disease and sex",https://www.who.int/data/gho/indicator-metadata-registry/imr-details/36,PUBLISHED,Published,,2008,2008,,SEAR,South-East Asia,,IND,2008,2008,India,,FMLE,Female,,GHE080,Diabetes mellitus,,113062 [89170-139688],113062.20000,89169.63000,139687.60000,,,
SDG_SH_DTH_RNCOM,"Number of deaths attributed to non-communicable diseases, by type of disease and sex",https://www.who.int/data/gho/indicator-metadata-registry/imr-details/36,PUBLISHED,Published,,2019,2019,,SEAR,South-East Asia,,IND,2019,2019,India,,BTSX,Both sexes,,GHE080,Diabetes mellitus,,349516 [255420-461135],349515.80000,255419.60000,461135.20000,,,
SDG_SH_DTH_RNCOM,"Number of deaths attributed to non-communicable diseases, by type of disease and sex",https://www.who.int/data/gho/indicator-metadata-registry/imr-details/36,PUBLISHED,Published,,2013,2013,,SEAR,South-East Asia,,IND,2013,2013,India,,BTSX,Both sexes,,GHE080,Diabetes mellitus,,289426 [229130-358027],289425.90000,229129.80000,358027.20000,,,
SDG_SH_DTH_RNCOM,"Number of deaths attributed to non-communicable diseases, by type of disease and sex",https://www.who.int/data/gho/indicator-metadata-registry/imr-details/36,PUBLISHED,Published,,2012,2012,,SEAR,South-East Asia,,IND,2012,2012,India,,FMLE,Female,,GHE080,Diabetes mellitus,,123930 [97700-152634],123930.00000,97699.68000,152633.90000,,,
SDG_SH_DTH_RNCOM,"Number of deaths attributed to non-communicable diseases, by type of disease and sex",https://www.who.int/data/gho/indicator-metadata-registry/imr-details/36,PUBLISHED,Published,,2016,2016,,SEAR,South-East Asia,,IND,2016,2016,India,,FMLE,Female,,GHE080,Diabetes mellitus,,146949 [113802-185347],146949.40000,113801.80000,185346.80000,,,
SDG_SH_DTH_RNCOM,"Number of deaths attributed to non-communicable diseases, by type of disease and sex",https://www.who.int/data/gho/indicator-metadata-registry/imr-details/36,PUBLISHED,Published,,2007,2007,,SEAR,South-East Asia,,IND,2007,2007,India,,FMLE,Female,,GHE080,Diabetes mellitus,,110868 [87204-137416],110867.90000,87204.34000,137416.10000,,,
SDG_SH_DTH_RNCOM,"Number of deaths attributed to non-communicable diseases, by type of disease and sex",https://www.who.int/data/gho/indicator-metadata-registry/imr-details/36,PUBLISHED,Published,,2004,2004,,SEAR,South-East Asia,,IND,2004,2004,India,,BTSX,Both sexes,,GHE080,Diabetes mellitus,,207854 [161440-260874],207853.90000,161440.00000,260874.00000,,,
SDG_SH_DTH_RNCOM,"Number of deaths attributed to non-communicable diseases, by type of disease and sex",https://www.who.int/data/gho/indicator-metadata-registry/imr-details/36,PUBLISHED,Published,,2013,2013,,SEAR,South-East Asia,,IND,2013,2013,India,,FMLE,Female,,GHE080,Diabetes mellitus,,130512 [102710-161145],130512.10000,102709.80000,161145.40000,,,
SDG_SH_DTH_RNCOM,"Number of deaths attributed to non-communicable diseases, by type of disease and sex",https://www.who.int/data/gho/indicator-metadata-registry/imr-details/36,PUBLISHED,Published,,2006,2006,,SEAR,South-East Asia,,IND,2006,2006,India,,MLE,Male,,GHE080,Diabetes mellitus,,126884 [99757-157777],126883.70000,99757.34000,157777.30000,,,
SDG_SH_DTH_RNCOM,"Number of deaths attributed to non-communicable diseases, by type of disease and sex",https://www.who.int/data/gho/indicator-metadata-registry/imr-details/36,PUBLISHED,Published,,2009,2009,,SEAR,South-East Asia,,IND,2009,2009,India,,MLE,Male,,GHE080,Diabetes mellitus,,138047 [109111-171309],138047.00000,109111.40000,171308.90000,,,
SDG_SH_DTH_RNCOM,"Number of deaths attributed to non-communicable diseases, by type of disease and sex",https://www.who.int/data/gho/indicator-metadata-registry/imr-details/36,PUBLISHED,Published,,2011,2011,,SEAR,South-East Asia,,IND,2011,2011,India,,MLE,Male,,GHE080,Diabetes mellitus,,144997 [114416-180018],144997.30000,114415.90000,180018.20000,,,
SDG_SH_DTH_RNCOM,"Number of deaths attributed to non-communicable diseases, by type of disease and sex",https://www.who.int/data/gho/indicator-metadata-registry/imr-details/36,PUBLISHED,Published,,2004,2004,,SEAR,South-East Asia,,IND,2004,2004,India,,MLE,Male,,GHE080,Diabetes mellitus,,113207 [88096-141150],113207.20000,88095.81000,141149.60000,,,
SDG_SH_DTH_RNCOM,"Number of deaths attributed to non-communicable diseases, by type of disease and sex",https://www.who.int/data/gho/indicator-metadata-registry/imr-details/36,PUBLISHED,Published,,2006,2006,,SEAR,South-East Asia,,IND,2006,2006,India,,BTSX,Both sexes,,GHE080,Diabetes mellitus,,233382 [182920-291230],233382.10000,182920.40000,291229.70000,,,
SDG_SH_DTH_RNCOM,"Number of deaths attributed to non-communicable diseases, by type of disease and sex",https://www.who.int/data/gho/indicator-metadata-registry/imr-details/36,PUBLISHED,Published,,2018,2018,,SEAR,South-East Asia,,IND,2018,2018,India,,FMLE,Female,,GHE080,Diabetes mellitus,,156273 [116972-201865],156272.70000,116971.60000,201865.20000,,,
SDG_SH_DTH_RNCOM,"Number of deaths attributed to non-communicable diseases, by type of disease and sex",https://www.who.int/data/gho/indicator-metadata-registry/imr-details/36,PUBLISHED,Published,,2005,2005,,SEAR,South-East Asia,,IND,2005,2005,India,,BTSX,Both sexes,,GHE080,Diabetes mellitus,,219863 [170635-276114],219862.80000,170634.50000,276113.50000,,,
SDG_SH_DTH_RNCOM,"Number of deaths attributed to non-communicable diseases, by type of disease and sex",https://www.who.int/data/gho/indicator-metadata-registry/imr-details/36,PUBLISHED,Published,,2007,2007,,SEAR,South-East Asia,,IND,2007,2007,India,,MLE,Male,,GHE080,Diabetes mellitus,,133184 [104743-165185],133184.00000,104742.70000,165184.60000,,,
SDG_SH_DTH_RNCOM,"Number of deaths attributed to non-communicable diseases, by type of disease and sex",https://www.who.int/data/gho/indicator-metadata-registry/imr-details/36,PUBLISHED,Published,,2010,2010,,SEAR,South-East Asia,,IND,2010,2010,India,,FMLE,Female,,GHE080,Diabetes mellitus,,108180 [83999-135316],108180.30000,83999.09000,135315.90000,,,
SDG_SH_DTH_RNCOM,"Number of deaths attributed to non-communicable diseases, by type of disease and sex",https://www.who.int/data/gho/indicator-metadata-registry/imr-details/36,PUBLISHED,Published,,2014,2014,,SEAR,South-East Asia,,IND,2014,2014,India,,FMLE,Female,,GHE061,Malignant neoplasms,,369597 [295905-453780],369596.70000,295905.40000,453780.40000,,,
SDG_SH_DTH_RNCOM,"Number of deaths attributed to non-communicable diseases, by type of disease and sex",https://www.who.int/data/gho/indicator-metadata-registry/imr-details/36,PUBLISHED,Published,,2011,2011,,SEAR,South-East Asia,,IND,2011,2011,India,,FMLE,Female,,GHE061,Malignant neoplasms,,324210 [264130-398537],324209.50000,264130.00000,398536.90000,,,
SDG_SH_DTH_RNCOM,"Number of deaths attributed to non-communicable diseases, by type of disease and sex",https://www.who.int/data/gho/indicator-metadata-registry/imr-details/36,PUBLISHED,Published,,2017,2017,,SEAR,South-East Asia,,IND,2017,2017,India,,MLE,Male,,GHE061,Malignant neoplasms,,436623 [348495-544638],436623.30000,348494.70000,544638.30000,,,
SDG_SH_DTH_RNCOM,"Number of deaths attributed to non-communicable diseases, by type of disease and sex",https://www.who.int/data/gho/indicator-metadata-registry/imr-details/36,PUBLISHED,Published,,2008,2008,,SEAR,South-East Asia,,IND,2008,2008,India,,MLE,Male,,GHE061,Malignant neoplasms,,343774 [284959-413729],343773.50000,284959.10000,413728.70000,,,
SDG_SH_DTH_RNCOM,"Number of deaths attributed to non-communicable diseases, by type of disease and sex",https://www.who.int/data/gho/indicator-metadata-registry/imr-details/36,PUBLISHED,Published,,2011,2011,,SEAR,South-East Asia,,IND,2011,2011,India,,BTSX,Both sexes,,GHE061,Malignant neoplasms,,693315 [569919-844997],693314.50000,569919.20000,844996.60000,,,
SDG_SH_DTH_RNCOM,"Number of deaths attributed to non-communicable diseases, by type of disease and sex",https://www.who.int/data/gho/indicator-metadata-registry/imr-details/36,PUBLISHED,Published,,2001,2001,,SEAR,South-East Asia,,IND,2001,2001,India,,BTSX,Both sexes,,GHE061,Malignant neoplasms,,545084 [435853-676093],545083.60000,435853.20000,676092.80000,,,
SDG_SH_DTH_RNCOM,"Number of deaths attributed to non-communicable diseases, by type of disease and sex",https://www.who.int/data/gho/indicator-metadata-registry/imr-details/36,PUBLISHED,Published,,2010,2010,,SEAR,South-East Asia,,IND,2010,2010,India,,FMLE,Female,,GHE061,Malignant neoplasms,,311604 [253254-383485],311604.30000,253253.70000,383485.10000,,,
SDG_SH_DTH_RNCOM,"Number of deaths attributed to non-communicable diseases, by type of disease and sex",https://www.who.int/data/gho/indicator-metadata-registry/imr-details/36,PUBLISHED,Published,,2007,2007,,SEAR,South-East Asia,,IND,2007,2007,India,,MLE,Male,,GHE061,Malignant neoplasms,,329088 [272779-396659],329087.70000,272779.40000,396659.10000,,,
SDG_SH_DTH_RNCOM,"Number of deaths attributed to non-communicable diseases, by type of disease and sex",https://www.who.int/data/gho/indicator-metadata-registry/imr-details/36,PUBLISHED,Published,,2012,2012,,SEAR,South-East Asia,,IND,2012,2012,India,,BTSX,Both sexes,,GHE061,Malignant neoplasms,,713100 [586898-867333],713100.40000,586898.40000,867332.80000,,,
SDG_SH_DTH_RNCOM,"Number of deaths attributed to non-communicable diseases, by type of disease and sex",https://www.who.int/data/gho/indicator-metadata-registry/imr-details/36,PUBLISHED,Published,,2006,2006,,SEAR,South-East Asia,,IND,2006,2006,India,,BTSX,Both sexes,,GHE061,Malignant neoplasms,,598755 [490485-731731],598755.10000,490485.20000,731731.30000,,,
SDG_SH_DTH_RNCOM,"Number of deaths attributed to non-communicable diseases, by type of disease and sex",https://www.who.int/data/gho/indicator-metadata-registry/imr-details/36,PUBLISHED,Published,,2006,2006,,SEAR,South-East Asia,,IND,2006,2006,India,,FMLE,Female,,GHE061,Malignant neoplasms,,283455 [229693-351652],283454.60000,229692.70000,351652.40000,,,
SDG_SH_DTH_RNCOM,"Number of deaths attributed to non-communicable diseases, by type of disease and sex",https://www.who.int/data/gho/indicator-metadata-registry/imr-details/36,PUBLISHED,Published,,2003,2003,,SEAR,South-East Asia,,IND,2003,2003,India,,BTSX,Both sexes,,GHE061,Malignant neoplasms,,560027 [454636-687937],560027.30000,454636.10000,687936.80000,,,
SDG_SH_DTH_RNCOM,"Number of deaths attributed to non-communicable diseases, by type of disease and sex",https://www.who.int/data/gho/indicator-metadata-registry/imr-details/36,PUBLISHED,Published,,2000,2000,,SEAR,South-East Asia,,IND,2000,2000,India,,FMLE,Female,,GHE061,Malignant neoplasms,,253932 [199495-322992],253931.80000,199494.80000,322992.30000,,,
SDG_SH_DTH_RNCOM,"Number of deaths attributed to non-communicable diseases, by type of disease and sex",https://www.who.int/data/gho/indicator-metadata-registry/imr-details/36,PUBLISHED,Published,,2002,2002,,SEAR,South-East Asia,,IND,2002,2002,India,,BTSX,Both sexes,,GHE061,Malignant neoplasms,,558178 [448710-689113],558178.40000,448710.40000,689113.40000,,,
SDG_SH_DTH_RNCOM,"Number of deaths attributed to non-communicable diseases, by type of disease and sex",https://www.who.int/data/gho/indicator-metadata-registry/imr-details/36,PUBLISHED,Published,,2000,2000,,SEAR,South-East Asia,,IND,2000,2000,India,,MLE,Male,,GHE061,Malignant neoplasms,,274992 [220550-335749],274991.90000,220550.20000,335749.40000,,,
SDG_SH_DTH_RNCOM,"Number of deaths attributed to non-communicable diseases, by type of disease and sex",https://www.who.int/data/gho/indicator-metadata-registry/imr-details/36,PUBLISHED,Published,,2019,2019,,SEAR,South-East Asia,,IND,2019,2019,India,,MLE,Male,,GHE061,Malignant neoplasms,,470111 [356015-607009],470111.20000,356014.50000,607008.70000,,,
SDG_SH_DTH_RNCOM,"Number of deaths attributed to non-communicable diseases, by type of disease and sex",https://www.who.int/data/gho/indicator-metadata-registry/imr-details/36,PUBLISHED,Published,,2018,2018,,SEAR,South-East Asia,,IND,2018,2018,India,,BTSX,Both sexes,,GHE061,Malignant neoplasms,,890210 [684248-1138981],890210.30000,684247.80000,1138981.00000,,,
SDG_SH_DTH_RNCOM,"Number of deaths attributed to non-communicable diseases, by type of disease and sex",https://www.who.int/data/gho/indicator-metadata-registry/imr-details/36,PUBLISHED,Published,,2017,2017,,SEAR,South-East Asia,,IND,2017,2017,India,,BTSX,Both sexes,,GHE061,Malignant neoplasms,,857541 [673202-1078758],857541.10000,673201.90000,1078758.00000,,,
SDG_SH_DTH_RNCOM,"Number of deaths attributed to non-communicable diseases, by type of disease and sex",https://www.who.int/data/gho/indicator-metadata-registry/imr-details/36,PUBLISHED,Published,,2012,2012,,SEAR,South-East Asia,,IND,2012,2012,India,,MLE,Male,,GHE061,Malignant neoplasms,,378777 [314109-456970],378777.10000,314109.40000,456969.90000,,,
SDG_SH_DTH_RNCOM,"Number of deaths attributed to non-communicable diseases, by type of disease and sex",https://www.who.int/data/gho/indicator-metadata-registry/imr-details/36,PUBLISHED,Published,,2007,2007,,SEAR,South-East Asia,,IND,2007,2007,India,,FMLE,Female,,GHE061,Malignant neoplasms,,292737 [237804-360468],292737.40000,237804.00000,360467.90000,,,
SDG_SH_DTH_RNCOM,"Number of deaths attributed to non-communicable diseases, by type of disease and sex",https://www.who.int/data/gho/indicator-metadata-registry/imr-details/36,PUBLISHED,Published,,2006,2006,,SEAR,South-East Asia,,IND,2006,2006,India,,MLE,Male,,GHE061,Malignant neoplasms,,315301 [260793-380079],315300.50000,260792.50000,380078.90000,,,
SDG_SH_DTH_RNCOM,"Number of deaths attributed to non-communicable diseases, by type of disease and sex",https://www.who.int/data/gho/indicator-metadata-registry/imr-details/36,PUBLISHED,Published,,2017,2017,,SEAR,South-East Asia,,IND,2017,2017,India,,FMLE,Female,,GHE061,Malignant neoplasms,,420918 [324707-534120],420917.90000,324707.20000,534120.10000,,,
SDG_SH_DTH_RNCOM,"Number of deaths attributed to non-communicable diseases, by type of disease and sex",https://www.who.int/data/gho/indicator-metadata-registry/imr-details/36,PUBLISHED,Published,,2016,2016,,SEAR,South-East Asia,,IND,2016,2016,India,,MLE,Male,,GHE061,Malignant neoplasms,,424509 [346755-519621],424508.60000,346754.60000,519621.00000,,,
SDG_SH_DTH_RNCOM,"Number of deaths attributed to non-communicable diseases, by type of disease and sex",https://www.who.int/data/gho/indicator-metadata-registry/imr-details/36,PUBLISHED,Published,,2010,2010,,SEAR,South-East Asia,,IND,2010,2010,India,,MLE,Male,,GHE061,Malignant neoplasms,,357126 [295939-431657],357125.50000,295938.80000,431656.50000,,,
SDG_SH_DTH_RNCOM,"Number of deaths attributed to non-communicable diseases, by type of disease and sex",https://www.who.int/data/gho/indicator-metadata-registry/imr-details/36,PUBLISHED,Published,,2009,2009,,SEAR,South-East Asia,,IND,2009,2009,India,,MLE,Male,,GHE061,Malignant neoplasms,,348210 [289496-418098],348209.50000,289496.20000,418098.30000,,,
SDG_SH_DTH_RNCOM,"Number of deaths attributed to non-communicable diseases, by type of disease and sex",https://www.who.int/data/gho/indicator-metadata-registry/imr-details/36,PUBLISHED,Published,,2018,2018,,SEAR,South-East Asia,,IND,2018,2018,India,,FMLE,Female,,GHE061,Malignant neoplasms,,435970 [331297-561480],435969.50000,331297.30000,561479.70000,,,
SDG_SH_DTH_RNCOM,"Number of deaths attributed to non-communicable diseases, by type of disease and sex",https://www.who.int/data/gho/indicator-metadata-registry/imr-details/36,PUBLISHED,Published,,2002,2002,,SEAR,South-East Asia,,IND,2002,2002,India,,FMLE,Female,,GHE061,Malignant neoplasms,,268334 [213559-337053],268334.20000,213558.60000,337052.90000,,,
SDG_SH_DTH_RNCOM,"Number of deaths attributed to non-communicable diseases, by type of disease and sex",https://www.who.int/data/gho/indicator-metadata-registry/imr-details/36,PUBLISHED,Published,,2010,2010,,SEAR,South-East Asia,,IND,2010,2010,India,,BTSX,Both sexes,,GHE061,Malignant neoplasms,,668730 [549192-815142],668729.80000,549192.40000,815141.70000,,,
SDG_SH_DTH_RNCOM,"Number of deaths attributed to non-communicable diseases, by type of disease and sex",https://www.who.int/data/gho/indicator-metadata-registry/imr-details/36,PUBLISHED,Published,,2009,2009,,SEAR,South-East Asia,,IND,2009,2009,India,,BTSX,Both sexes,,GHE061,Malignant neoplasms,,649237 [535870-786601],649236.90000,535870.40000,786600.90000,,,
SDG_SH_DTH_RNCOM,"Number of deaths attributed to non-communicable diseases, by type of disease and sex",https://www.who.int/data/gho/indicator-metadata-registry/imr-details/36,PUBLISHED,Published,,2005,2005,,SEAR,South-East Asia,,IND,2005,2005,India,,FMLE,Female,,GHE061,Malignant neoplasms,,273671 [221120-339831],273671.20000,221119.70000,339830.80000,,,
SDG_SH_DTH_RNCOM,"Number of deaths attributed to non-communicable diseases, by type of disease and sex",https://www.who.int/data/gho/indicator-metadata-registry/imr-details/36,PUBLISHED,Published,,2011,2011,,SEAR,South-East Asia,,IND,2011,2011,India,,MLE,Male,,GHE061,Malignant neoplasms,,369105 [305789-446460],369105.00000,305789.20000,446459.70000,,,
SDG_SH_DTH_RNCOM,"Number of deaths attributed to non-communicable diseases, by type of disease and sex",https://www.who.int/data/gho/indicator-metadata-registry/imr-details/36,PUBLISHED,Published,,2004,2004,,SEAR,South-East Asia,,IND,2004,2004,India,,MLE,Male,,GHE061,Malignant neoplasms,,289607 [236132-349823],289607.10000,236131.80000,349822.90000,,,
SDG_SH_DTH_RNCOM,"Number of deaths attributed to non-communicable diseases, by type of disease and sex",https://www.who.int/data/gho/indicator-metadata-registry/imr-details/36,PUBLISHED,Published,,2003,2003,,SEAR,South-East Asia,,IND,2003,2003,India,,MLE,Male,,GHE061,Malignant neoplasms,,293304 [240051-354834],293303.70000,240051.20000,354834.40000,,,
SDG_SH_DTH_RNCOM,"Number of deaths attributed to non-communicable diseases, by type of disease and sex",https://www.who.int/data/gho/indicator-metadata-registry/imr-details/36,PUBLISHED,Published,,2005,2005,,SEAR,South-East Asia,,IND,2005,2005,India,,BTSX,Both sexes,,GHE061,Malignant neoplasms,,575599 [468387-703532],575598.80000,468387.20000,703531.90000,,,
SDG_SH_DTH_RNCOM,"Number of deaths attributed to non-communicable diseases, by type of disease and sex",https://www.who.int/data/gho/indicator-metadata-registry/imr-details/36,PUBLISHED,Published,,2001,2001,,SEAR,South-East Asia,,IND,2001,2001,India,,MLE,Male,,GHE061,Malignant neoplasms,,283542 [228919-346341],283542.00000,228918.70000,346340.70000,,,
SDG_SH_DTH_RNCOM,"Number of deaths attributed to non-communicable diseases, by type of disease and sex",https://www.who.int/data/gho/indicator-metadata-registry/imr-details/36,PUBLISHED,Published,,2015,2015,,SEAR,South-East Asia,,IND,2015,2015,India,,FMLE,Female,,GHE061,Malignant neoplasms,,394625 [313207-488961],394624.50000,313207.20000,488961.30000,,,
SDG_SH_DTH_RNCOM,"Number of deaths attributed to non-communicable diseases, by type of disease and sex",https://www.who.int/data/gho/indicator-metadata-registry/imr-details/36,PUBLISHED,Published,,2014,2014,,SEAR,South-East Asia,,IND,2014,2014,India,,MLE,Male,,GHE061,Malignant neoplasms,,393646 [325755-477040],393645.90000,325754.90000,477040.40000,,,
SDG_SH_DTH_RNCOM,"Number of deaths attributed to non-communicable diseases, by type of disease and sex",https://www.who.int/data/gho/indicator-metadata-registry/imr-details/36,PUBLISHED,Published,,2016,2016,,SEAR,South-East Asia,,IND,2016,2016,India,,BTSX,Both sexes,,GHE061,Malignant neoplasms,,834470 [668429-1033752],834469.80000,668429.30000,1033752.00000,,,
SDG_SH_DTH_RNCOM,"Number of deaths attributed to non-communicable diseases, by type of disease and sex",https://www.who.int/data/gho/indicator-metadata-registry/imr-details/36,PUBLISHED,Published,,2008,2008,,SEAR,South-East Asia,,IND,2008,2008,India,,BTSX,Both sexes,,GHE061,Malignant neoplasms,,644038 [528868-784135],644037.70000,528868.10000,784134.90000,,,
SDG_SH_DTH_RNCOM,"Number of deaths attributed to non-communicable diseases, by type of disease and sex",https://www.who.int/data/gho/indicator-metadata-registry/imr-details/36,PUBLISHED,Published,,2015,2015,,SEAR,South-East Asia,,IND,2015,2015,India,,MLE,Male,,GHE061,Malignant neoplasms,,408169 [336812-494817],408168.80000,336812.30000,494816.60000,,,
SDG_SH_DTH_RNCOM,"Number of deaths attributed to non-communicable diseases, by type of disease and sex",https://www.who.int/data/gho/indicator-metadata-registry/imr-details/36,PUBLISHED,Published,,2018,2018,,SEAR,South-East Asia,,IND,2018,2018,India,,MLE,Male,,GHE061,Malignant neoplasms,,454241 [352950-577501],454240.80000,352950.40000,577501.10000,,,
SDG_SH_DTH_RNCOM,"Number of deaths attributed to non-communicable diseases, by type of disease and sex",https://www.who.int/data/gho/indicator-metadata-registry/imr-details/36,PUBLISHED,Published,,2000,2000,,SEAR,South-East Asia,,IND,2000,2000,India,,BTSX,Both sexes,,GHE061,Malignant neoplasms,,528924 [420045-658742],528923.70000,420044.90000,658741.70000,,,
SDG_SH_DTH_RNCOM,"Number of deaths attributed to non-communicable diseases, by type of disease and sex",https://www.who.int/data/gho/indicator-metadata-registry/imr-details/36,PUBLISHED,Published,,2019,2019,,SEAR,South-East Asia,,IND,2019,2019,India,,FMLE,Female,,GHE061,Malignant neoplasms,,450444 [334446-589222],450443.90000,334446.30000,589222.30000,,,
SDG_SH_DTH_RNCOM,"Number of deaths attributed to non-communicable diseases, by type of disease and sex",https://www.who.int/data/gho/indicator-metadata-registry/imr-details/36,PUBLISHED,Published,,2003,2003,,SEAR,South-East Asia,,IND,2003,2003,India,,FMLE,Female,,GHE061,Malignant neoplasms,,266724 [214585-333102],266723.60000,214584.90000,333102.40000,,,
SDG_SH_DTH_RNCOM,"Number of deaths attributed to non-communicable diseases, by type of disease and sex",https://www.who.int/data/gho/indicator-metadata-registry/imr-details/36,PUBLISHED,Published,,2001,2001,,SEAR,South-East Asia,,IND,2001,2001,India,,FMLE,Female,,GHE061,Malignant neoplasms,,261542 [206935-329752],261541.60000,206934.50000,329752.00000,,,
SDG_SH_DTH_RNCOM,"Number of deaths attributed to non-communicable diseases, by type of disease and sex",https://www.who.int/data/gho/indicator-metadata-registry/imr-details/36,PUBLISHED,Published,,2002,2002,,SEAR,South-East Asia,,IND,2002,2002,India,,MLE,Male,,GHE061,Malignant neoplasms,,289844 [235152-352061],289844.20000,235151.80000,352060.60000,,,
SDG_SH_DTH_RNCOM,"Number of deaths attributed to non-communicable diseases, by type of disease and sex",https://www.who.int/data/gho/indicator-metadata-registry/imr-details/36,PUBLISHED,Published,,2012,2012,,SEAR,South-East Asia,,IND,2012,2012,India,,FMLE,Female,,GHE061,Malignant neoplasms,,334323 [272789-410363],334323.30000,272789.00000,410362.80000,,,
SDG_SH_DTH_RNCOM,"Number of deaths attributed to non-communicable diseases, by type of disease and sex",https://www.who.int/data/gho/indicator-metadata-registry/imr-details/36,PUBLISHED,Published,,2013,2013,,SEAR,South-East Asia,,IND,2013,2013,India,,FMLE,Female,,GHE061,Malignant neoplasms,,353450 [287776-432097],353449.50000,287776.20000,432097.20000,,,
SDG_SH_DTH_RNCOM,"Number of deaths attributed to non-communicable diseases, by type of disease and sex",https://www.who.int/data/gho/indicator-metadata-registry/imr-details/36,PUBLISHED,Published,,2009,2009,,SEAR,South-East Asia,,IND,2009,2009,India,,FMLE,Female,,GHE061,Malignant neoplasms,,301027 [246374-368503],301027.40000,246374.20000,368502.60000,,,
SDG_SH_DTH_RNCOM,"Number of deaths attributed to non-communicable diseases, by type of disease and sex",https://www.who.int/data/gho/indicator-metadata-registry/imr-details/36,PUBLISHED,Published,,2004,2004,,SEAR,South-East Asia,,IND,2004,2004,India,,BTSX,Both sexes,,GHE061,Malignant neoplasms,,552933 [448376-678078],552933.10000,448375.50000,678078.30000,,,
SDG_SH_DTH_RNCOM,"Number of deaths attributed to non-communicable diseases, by type of disease and sex",https://www.who.int/data/gho/indicator-metadata-registry/imr-details/36,PUBLISHED,Published,,2005,2005,,SEAR,South-East Asia,,IND,2005,2005,India,,MLE,Male,,GHE061,Malignant neoplasms,,301928 [247268-363701],301927.60000,247267.50000,363701.10000,,,
SDG_SH_DTH_RNCOM,"Number of deaths attributed to non-communicable diseases, by type of disease and sex",https://www.who.int/data/gho/indicator-metadata-registry/imr-details/36,PUBLISHED,Published,,2008,2008,,SEAR,South-East Asia,,IND,2008,2008,India,,FMLE,Female,,GHE061,Malignant neoplasms,,300264 [243909-370406],300264.20000,243908.90000,370406.20000,,,
SDG_SH_DTH_RNCOM,"Number of deaths attributed to non-communicable diseases, by type of disease and sex",https://www.who.int/data/gho/indicator-metadata-registry/imr-details/36,PUBLISHED,Published,,2015,2015,,SEAR,South-East Asia,,IND,2015,2015,India,,BTSX,Both sexes,,GHE061,Malignant neoplasms,,802793 [650020-983778],802793.30000,650019.50000,983777.90000,,,
SDG_SH_DTH_RNCOM,"Number of deaths attributed to non-communicable diseases, by type of disease and sex",https://www.who.int/data/gho/indicator-metadata-registry/imr-details/36,PUBLISHED,Published,,2019,2019,,SEAR,South-East Asia,,IND,2019,2019,India,,BTSX,Both sexes,,GHE061,Malignant neoplasms,,920555 [690461-1196231],920555.10000,690460.80000,1196231.00000,,,
SDG_SH_DTH_RNCOM,"Number of deaths attributed to non-communicable diseases, by type of disease and sex",https://www.who.int/data/gho/indicator-metadata-registry/imr-details/36,PUBLISHED,Published,,2007,2007,,SEAR,South-East Asia,,IND,2007,2007,India,,BTSX,Both sexes,,GHE061,Malignant neoplasms,,621825 [510583-757127],621825.00000,510583.40000,757127.00000,,,
SDG_SH_DTH_RNCOM,"Number of deaths attributed to non-communicable diseases, by type of disease and sex",https://www.who.int/data/gho/indicator-metadata-registry/imr-details/36,PUBLISHED,Published,,2013,2013,,SEAR,South-East Asia,,IND,2013,2013,India,,BTSX,Both sexes,,GHE061,Malignant neoplasms,,742892 [613365-901882],742891.60000,613365.30000,901881.70000,,,
SDG_SH_DTH_RNCOM,"Number of deaths attributed to non-communicable diseases, by type of disease and sex",https://www.who.int/data/gho/indicator-metadata-registry/imr-details/36,PUBLISHED,Published,,2014,2014,,SEAR,South-East Asia,,IND,2014,2014,India,,BTSX,Both sexes,,GHE061,Malignant neoplasms,,763243 [621660-930821],763242.60000,621660.30000,930820.80000,,,
SDG_SH_DTH_RNCOM,"Number of deaths attributed to non-communicable diseases, by type of disease and sex",https://www.who.int/data/gho/indicator-metadata-registry/imr-details/36,PUBLISHED,Published,,2016,2016,,SEAR,South-East Asia,,IND,2016,2016,India,,FMLE,Female,,GHE061,Malignant neoplasms,,409961 [321675-514131],409961.20000,321674.70000,514131.30000,,,
SDG_SH_DTH_RNCOM,"Number of deaths attributed to non-communicable diseases, by type of disease and sex",https://www.who.int/data/gho/indicator-metadata-registry/imr-details/36,PUBLISHED,Published,,2013,2013,,SEAR,South-East Asia,,IND,2013,2013,India,,MLE,Male,,GHE061,Malignant neoplasms,,389442 [325589-469785],389442.20000,325589.00000,469784.50000,,,
SDG_SH_DTH_RNCOM,"Number of deaths attributed to non-communicable diseases, by type of disease and sex",https://www.who.int/data/gho/indicator-metadata-registry/imr-details/36,PUBLISHED,Published,,2004,2004,,SEAR,South-East Asia,,IND,2004,2004,India,,FMLE,Female,,GHE061,Malignant neoplasms,,263326 [212244-328255],263326.00000,212243.70000,328255.40000,,,
SDG_SH_DTH_RNCOM,"Number of deaths attributed to non-communicable diseases, by type of disease and sex",https://www.who.int/data/gho/indicator-metadata-registry/imr-details/36,PUBLISHED,Published,,2011,2011,,SEAR,South-East Asia,,IND,2011,2011,India,,BTSX,Both sexes,,GHE117,Chronic respiratory diseases,,961612 [675834-1259744],961612.10000,675834.30000,1259744.00000,,,
SDG_SH_DTH_RNCOM,"Number of deaths attributed to non-communicable diseases, by type of disease and sex",https://www.who.int/data/gho/indicator-metadata-registry/imr-details/36,PUBLISHED,Published,,2000,2000,,SEAR,South-East Asia,,IND,2000,2000,India,,FMLE,Female,,GHE117,Chronic respiratory diseases,,382508 [242050-545766],382507.50000,242050.30000,545766.00000,,,
SDG_SH_DTH_RNCOM,"Number of deaths attributed to non-communicable diseases, by type of disease and sex",https://www.who.int/data/gho/indicator-metadata-registry/imr-details/36,PUBLISHED,Published,,2013,2013,,SEAR,South-East Asia,,IND,2013,2013,India,,BTSX,Both sexes,,GHE117,Chronic respiratory diseases,,1034576 [729347-1326781],1034576.00000,729346.50000,1326781.00000,,,
SDG_SH_DTH_RNCOM,"Number of deaths attributed to non-communicable diseases, by type of disease and sex",https://www.who.int/data/gho/indicator-metadata-registry/imr-details/36,PUBLISHED,Published,,2007,2007,,SEAR,South-East Asia,,IND,2007,2007,India,,MLE,Male,,GHE117,Chronic respiratory diseases,,519935 [388076-648318],519935.30000,388076.10000,648318.30000,,,
SDG_SH_DTH_RNCOM,"Number of deaths attributed to non-communicable diseases, by type of disease and sex",https://www.who.int/data/gho/indicator-metadata-registry/imr-details/36,PUBLISHED,Published,,2006,2006,,SEAR,South-East Asia,,IND,2006,2006,India,,MLE,Male,,GHE117,Chronic respiratory diseases,,498098 [374535-624107],498097.50000,374535.40000,624107.40000,,,
SDG_SH_DTH_RNCOM,"Number of deaths attributed to non-communicable diseases, by type of disease and sex",https://www.who.int/data/gho/indicator-metadata-registry/imr-details/36,PUBLISHED,Published,,2010,2010,,SEAR,South-East Asia,,IND,2010,2010,India,,MLE,Male,,GHE117,Chronic respiratory diseases,,522064 [389826-647567],522063.90000,389825.90000,647566.90000,,,
SDG_SH_DTH_RNCOM,"Number of deaths attributed to non-communicable diseases, by type of disease and sex",https://www.who.int/data/gho/indicator-metadata-registry/imr-details/36,PUBLISHED,Published,,2004,2004,,SEAR,South-East Asia,,IND,2004,2004,India,,BTSX,Both sexes,,GHE117,Chronic respiratory diseases,,849122 [590140-1128895],849122.40000,590139.90000,1128895.00000,,,
SDG_SH_DTH_RNCOM,"Number of deaths attributed to non-communicable diseases, by type of disease and sex",https://www.who.int/data/gho/indicator-metadata-registry/imr-details/36,PUBLISHED,Published,,2005,2005,,SEAR,South-East Asia,,IND,2005,2005,India,,MLE,Male,,GHE117,Chronic respiratory diseases,,472607 [349698-592114],472606.70000,349697.80000,592113.80000,,,
SDG_SH_DTH_RNCOM,"Number of deaths attributed to non-communicable diseases, by type of disease and sex",https://www.who.int/data/gho/indicator-metadata-registry/imr-details/36,PUBLISHED,Published,,2017,2017,,SEAR,South-East Asia,,IND,2017,2017,India,,BTSX,Both sexes,,GHE117,Chronic respiratory diseases,,1099382 [752006-1434578],1099382.00000,752005.70000,1434578.00000,,,
SDG_SH_DTH_RNCOM,"Number of deaths attributed to non-communicable diseases, by type of disease and sex",https://www.who.int/data/gho/indicator-metadata-registry/imr-details/36,PUBLISHED,Published,,2015,2015,,SEAR,South-East Asia,,IND,2015,2015,India,,MLE,Male,,GHE117,Chronic respiratory diseases,,582375 [431219-717157],582375.30000,431218.70000,717157.30000,,,
SDG_SH_DTH_RNCOM,"Number of deaths attributed to non-communicable diseases, by type of disease and sex",https://www.who.int/data/gho/indicator-metadata-registry/imr-details/36,PUBLISHED,Published,,2008,2008,,SEAR,South-East Asia,,IND,2008,2008,India,,BTSX,Both sexes,,GHE117,Chronic respiratory diseases,,988123 [690378-1293223],988122.80000,690378.30000,1293223.00000,,,
SDG_SH_DTH_RNCOM,"Number of deaths attributed to non-communicable diseases, by type of disease and sex",https://www.who.int/data/gho/indicator-metadata-registry/imr-details/36,PUBLISHED,Published,,2019,2019,,SEAR,South-East Asia,,IND,2019,2019,India,,BTSX,Both sexes,,GHE117,Chronic respiratory diseases,,1146371 [765727-1535106],1146371.00000,765726.60000,1535106.00000,,,
SDG_SH_DTH_RNCOM,"Number of deaths attributed to non-communicable diseases, by type of disease and sex",https://www.who.int/data/gho/indicator-metadata-registry/imr-details/36,PUBLISHED,Published,,2014,2014,,SEAR,South-East Asia,,IND,2014,2014,India,,FMLE,Female,,GHE117,Chronic respiratory diseases,,471750 [303239-631863],471750.10000,303239.40000,631863.40000,,,
SDG_SH_DTH_RNCOM,"Number of deaths attributed to non-communicable diseases, by type of disease and sex",https://www.who.int/data/gho/indicator-metadata-registry/imr-details/36,PUBLISHED,Published,,2018,2018,,SEAR,South-East Asia,,IND,2018,2018,India,,MLE,Male,,GHE117,Chronic respiratory diseases,,613688 [449313-791227],613688.40000,449312.50000,791226.60000,,,
SDG_SH_DTH_RNCOM,"Number of deaths attributed to non-communicable diseases, by type of disease and sex",https://www.who.int/data/gho/indicator-metadata-registry/imr-details/36,PUBLISHED,Published,,2011,2011,,SEAR,South-East Asia,,IND,2011,2011,India,,FMLE,Female,,GHE117,Chronic respiratory diseases,,426965 [278983-596625],426965.10000,278982.60000,596624.90000,,,
SDG_SH_DTH_RNCOM,"Number of deaths attributed to non-communicable diseases, by type of disease and sex",https://www.who.int/data/gho/indicator-metadata-registry/imr-details/36,PUBLISHED,Published,,2003,2003,,SEAR,South-East Asia,,IND,2003,2003,India,,FMLE,Female,,GHE117,Chronic respiratory diseases,,401002 [258929-565268],401002.00000,258929.20000,565268.10000,,,
SDG_SH_DTH_RNCOM,"Number of deaths attributed to non-communicable diseases, by type of disease and sex",https://www.who.int/data/gho/indicator-metadata-registry/imr-details/36,PUBLISHED,Published,,2018,2018,,SEAR,South-East Asia,,IND,2018,2018,India,,BTSX,Both sexes,,GHE117,Chronic respiratory diseases,,1134219 [778465-1502073],1134219.00000,778464.60000,1502073.00000,,,
SDG_SH_DTH_RNCOM,"Number of deaths attributed to non-communicable diseases, by type of disease and sex",https://www.who.int/data/gho/indicator-metadata-registry/imr-details/36,PUBLISHED,Published,,2003,2003,,SEAR,South-East Asia,,IND,2003,2003,India,,MLE,Male,,GHE117,Chronic respiratory diseases,,489740 [361037-615551],489739.90000,361036.90000,615551.10000,,,
SDG_SH_DTH_RNCOM,"Number of deaths attributed to non-communicable diseases, by type of disease and sex",https://www.who.int/data/gho/indicator-metadata-registry/imr-details/36,PUBLISHED,Published,,2000,2000,,SEAR,South-East Asia,,IND,2000,2000,India,,BTSX,Both sexes,,GHE117,Chronic respiratory diseases,,850000 [582681-1142791],850000.40000,582681.10000,1142791.00000,,,
SDG_SH_DTH_RNCOM,"Number of deaths attributed to non-communicable diseases, by type of disease and sex",https://www.who.int/data/gho/indicator-metadata-registry/imr-details/36,PUBLISHED,Published,,2008,2008,,SEAR,South-East Asia,,IND,2008,2008,India,,FMLE,Female,,GHE117,Chronic respiratory diseases,,443132 [288101-615413],443132.00000,288100.80000,615412.80000,,,
SDG_SH_DTH_RNCOM,"Number of deaths attributed to non-communicable diseases, by type of disease and sex",https://www.who.int/data/gho/indicator-metadata-registry/imr-details/36,PUBLISHED,Published,,2001,2001,,SEAR,South-East Asia,,IND,2001,2001,India,,BTSX,Both sexes,,GHE117,Chronic respiratory diseases,,882336 [613203-1179071],882336.40000,613202.50000,1179071.00000,,,
SDG_SH_DTH_RNCOM,"Number of deaths attributed to non-communicable diseases, by type of disease and sex",https://www.who.int/data/gho/indicator-metadata-registry/imr-details/36,PUBLISHED,Published,,2006,2006,,SEAR,South-East Asia,,IND,2006,2006,India,,FMLE,Female,,GHE117,Chronic respiratory diseases,,422157 [274247-586908],422156.90000,274247.30000,586908.30000,,,
SDG_SH_DTH_RNCOM,"Number of deaths attributed to non-communicable diseases, by type of disease and sex",https://www.who.int/data/gho/indicator-metadata-registry/imr-details/36,PUBLISHED,Published,,2017,2017,,SEAR,South-East Asia,,IND,2017,2017,India,,MLE,Male,,GHE117,Chronic respiratory diseases,,594935 [430228-753343],594934.90000,430227.50000,753343.30000,,,
SDG_SH_DTH_RNCOM,"Number of deaths attributed to non-communicable diseases, by type of disease and sex",https://www.who.int/data/gho/indicator-metadata-registry/imr-details/36,PUBLISHED,Published,,2002,2002,,SEAR,South-East Asia,,IND,2002,2002,India,,BTSX,Both sexes,,GHE117,Chronic respiratory diseases,,899591 [623977-1193745],899591.10000,623977.30000,1193745.00000,,,
SDG_SH_DTH_RNCOM,"Number of deaths attributed to non-communicable diseases, by type of disease and sex",https://www.who.int/data/gho/indicator-metadata-registry/imr-details/36,PUBLISHED,Published,,2004,2004,,SEAR,South-East Asia,,IND,2004,2004,India,,FMLE,Female,,GHE117,Chronic respiratory diseases,,385134 [249824-543128],385134.00000,249823.80000,543127.60000,,,
SDG_SH_DTH_RNCOM,"Number of deaths attributed to non-communicable diseases, by type of disease and sex",https://www.who.int/data/gho/indicator-metadata-registry/imr-details/36,PUBLISHED,Published,,2016,2016,,SEAR,South-East Asia,,IND,2016,2016,India,,FMLE,Female,,GHE117,Chronic respiratory diseases,,494971 [317111-663975],494971.20000,317110.90000,663975.10000,,,
SDG_SH_DTH_RNCOM,"Number of deaths attributed to non-communicable diseases, by type of disease and sex",https://www.who.int/data/gho/indicator-metadata-registry/imr-details/36,PUBLISHED,Published,,2012,2012,,SEAR,South-East Asia,,IND,2012,2012,India,,BTSX,Both sexes,,GHE117,Chronic respiratory diseases,,986596 [692254-1270244],986596.40000,692254.40000,1270244.00000,,,
SDG_SH_DTH_RNCOM,"Number of deaths attributed to non-communicable diseases, by type of disease and sex",https://www.who.int/data/gho/indicator-metadata-registry/imr-details/36,PUBLISHED,Published,,2017,2017,,SEAR,South-East Asia,,IND,2017,2017,India,,FMLE,Female,,GHE117,Chronic respiratory diseases,,504447 [321778-681235],504446.80000,321778.30000,681235.00000,,,
SDG_SH_DTH_RNCOM,"Number of deaths attributed to non-communicable diseases, by type of disease and sex",https://www.who.int/data/gho/indicator-metadata-registry/imr-details/36,PUBLISHED,Published,,2009,2009,,SEAR,South-East Asia,,IND,2009,2009,India,,MLE,Male,,GHE117,Chronic respiratory diseases,,530725 [392450-660000],530725.10000,392450.10000,659999.80000,,,
SDG_SH_DTH_RNCOM,"Number of deaths attributed to non-communicable diseases, by type of disease and sex",https://www.who.int/data/gho/indicator-metadata-registry/imr-details/36,PUBLISHED,Published,,2014,2014,,SEAR,South-East Asia,,IND,2014,2014,India,,BTSX,Both sexes,,GHE117,Chronic respiratory diseases,,1060416 [738495-1353257],1060416.00000,738495.40000,1353257.00000,,,
SDG_SH_DTH_RNCOM,"Number of deaths attributed to non-communicable diseases, by type of disease and sex",https://www.who.int/data/gho/indicator-metadata-registry/imr-details/36,PUBLISHED,Published,,2005,2005,,SEAR,South-East Asia,,IND,2005,2005,India,,FMLE,Female,,GHE117,Chronic respiratory diseases,,398826 [259317-557323],398826.00000,259316.60000,557322.90000,,,
SDG_SH_DTH_RNCOM,"Number of deaths attributed to non-communicable diseases, by type of disease and sex",https://www.who.int/data/gho/indicator-metadata-registry/imr-details/36,PUBLISHED,Published,,2005,2005,,SEAR,South-East Asia,,IND,2005,2005,India,,BTSX,Both sexes,,GHE117,Chronic respiratory diseases,,871433 [609014-1149437],871432.70000,609014.40000,1149437.00000,,,
SDG_SH_DTH_RNCOM,"Number of deaths attributed to non-communicable diseases, by type of disease and sex",https://www.who.int/data/gho/indicator-metadata-registry/imr-details/36,PUBLISHED,Published,,2014,2014,,SEAR,South-East Asia,,IND,2014,2014,India,,MLE,Male,,GHE117,Chronic respiratory diseases,,588666 [435256-721394],588665.90000,435256.00000,721394.10000,,,
SDG_SH_DTH_RNCOM,"Number of deaths attributed to non-communicable diseases, by type of disease and sex",https://www.who.int/data/gho/indicator-metadata-registry/imr-details/36,PUBLISHED,Published,,2009,2009,,SEAR,South-East Asia,,IND,2009,2009,India,,BTSX,Both sexes,,GHE117,Chronic respiratory diseases,,949648 [664527-1241380],949648.10000,664527.20000,1241380.00000,,,
SDG_SH_DTH_RNCOM,"Number of deaths attributed to non-communicable diseases, by type of disease and sex",https://www.who.int/data/gho/indicator-metadata-registry/imr-details/36,PUBLISHED,Published,,2016,2016,,SEAR,South-East Asia,,IND,2016,2016,India,,MLE,Male,,GHE117,Chronic respiratory diseases,,584792 [431748-727713],584792.10000,431748.10000,727713.40000,,,
SDG_SH_DTH_RNCOM,"Number of deaths attributed to non-communicable diseases, by type of disease and sex",https://www.who.int/data/gho/indicator-metadata-registry/imr-details/36,PUBLISHED,Published,,2012,2012,,SEAR,South-East Asia,,IND,2012,2012,India,,MLE,Male,,GHE117,Chronic respiratory diseases,,546444 [407485-670120],546443.50000,407485.00000,670120.30000,,,
SDG_SH_DTH_RNCOM,"Number of deaths attributed to non-communicable diseases, by type of disease and sex",https://www.who.int/data/gho/indicator-metadata-registry/imr-details/36,PUBLISHED,Published,,2011,2011,,SEAR,South-East Asia,,IND,2011,2011,India,,MLE,Male,,GHE117,Chronic respiratory diseases,,534647 [396852-663119],534646.90000,396851.70000,663118.60000,,,
SDG_SH_DTH_RNCOM,"Number of deaths attributed to non-communicable diseases, by type of disease and sex",https://www.who.int/data/gho/indicator-metadata-registry/imr-details/36,PUBLISHED,Published,,2013,2013,,SEAR,South-East Asia,,IND,2013,2013,India,,MLE,Male,,GHE117,Chronic respiratory diseases,,575967 [431773-708084],575967.20000,431772.90000,708083.50000,,,
SDG_SH_DTH_RNCOM,"Number of deaths attributed to non-communicable diseases, by type of disease and sex",https://www.who.int/data/gho/indicator-metadata-registry/imr-details/36,PUBLISHED,Published,,2001,2001,,SEAR,South-East Asia,,IND,2001,2001,India,,MLE,Male,,GHE117,Chronic respiratory diseases,,482636 [358639-613459],482635.70000,358638.60000,613459.00000,,,
SDG_SH_DTH_RNCOM,"Number of deaths attributed to non-communicable diseases, by type of disease and sex",https://www.who.int/data/gho/indicator-metadata-registry/imr-details/36,PUBLISHED,Published,,2006,2006,,SEAR,South-East Asia,,IND,2006,2006,India,,BTSX,Both sexes,,GHE117,Chronic respiratory diseases,,920254 [648783-1211016],920254.40000,648782.80000,1211016.00000,,,
SDG_SH_DTH_RNCOM,"Number of deaths attributed to non-communicable diseases, by type of disease and sex",https://www.who.int/data/gho/indicator-metadata-registry/imr-details/36,PUBLISHED,Published,,2010,2010,,SEAR,South-East Asia,,IND,2010,2010,India,,FMLE,Female,,GHE117,Chronic respiratory diseases,,410123 [267972-573580],410122.50000,267972.20000,573579.50000,,,
SDG_SH_DTH_RNCOM,"Number of deaths attributed to non-communicable diseases, by type of disease and sex",https://www.who.int/data/gho/indicator-metadata-registry/imr-details/36,PUBLISHED,Published,,2018,2018,,SEAR,South-East Asia,,IND,2018,2018,India,,FMLE,Female,,GHE117,Chronic respiratory diseases,,520531 [329152-710847],520530.50000,329152.10000,710846.80000,,,
SDG_SH_DTH_RNCOM,"Number of deaths attributed to non-communicable diseases, by type of disease and sex",https://www.who.int/data/gho/indicator-metadata-registry/imr-details/36,PUBLISHED,Published,,2008,2008,,SEAR,South-East Asia,,IND,2008,2008,India,,MLE,Male,,GHE117,Chronic respiratory diseases,,544991 [402277-677810],544990.80000,402277.40000,677809.80000,,,
SDG_SH_DTH_RNCOM,"Number of deaths attributed to non-communicable diseases, by type of disease and sex",https://www.who.int/data/gho/indicator-metadata-registry/imr-details/36,PUBLISHED,Published,,2010,2010,,SEAR,South-East Asia,,IND,2010,2010,India,,BTSX,Both sexes,,GHE117,Chronic respiratory diseases,,932186 [657798-1221146],932186.40000,657798.10000,1221146.00000,,,
SDG_SH_DTH_RNCOM,"Number of deaths attributed to non-communicable diseases, by type of disease and sex",https://www.who.int/data/gho/indicator-metadata-registry/imr-details/36,PUBLISHED,Published,,2019,2019,,SEAR,South-East Asia,,IND,2019,2019,India,,MLE,Male,,GHE117,Chronic respiratory diseases,,617534 [436490-810926],617533.60000,436489.60000,810926.30000,,,
SDG_SH_DTH_RNCOM,"Number of deaths attributed to non-communicable diseases, by type of disease and sex",https://www.who.int/data/gho/indicator-metadata-registry/imr-details/36,PUBLISHED,Published,,2015,2015,,SEAR,South-East Asia,,IND,2015,2015,India,,BTSX,Both sexes,,GHE117,Chronic respiratory diseases,,1068604 [742212-1369824],1068604.00000,742212.40000,1369824.00000,,,
SDG_SH_DTH_RNCOM,"Number of deaths attributed to non-communicable diseases, by type of disease and sex",https://www.who.int/data/gho/indicator-metadata-registry/imr-details/36,PUBLISHED,Published,,2007,2007,,SEAR,South-East Asia,,IND,2007,2007,India,,BTSX,Both sexes,,GHE117,Chronic respiratory diseases,,955381 [669692-1254445],955380.50000,669691.90000,1254445.00000,,,
SDG_SH_DTH_RNCOM,"Number of deaths attributed to non-communicable diseases, by type of disease and sex",https://www.who.int/data/gho/indicator-metadata-registry/imr-details/36,PUBLISHED,Published,,2007,2007,,SEAR,South-East Asia,,IND,2007,2007,India,,FMLE,Female,,GHE117,Chronic respiratory diseases,,435445 [281616-606126],435445.20000,281615.70000,606126.40000,,,
SDG_SH_DTH_RNCOM,"Number of deaths attributed to non-communicable diseases, by type of disease and sex",https://www.who.int/data/gho/indicator-metadata-registry/imr-details/36,PUBLISHED,Published,,2012,2012,,SEAR,South-East Asia,,IND,2012,2012,India,,FMLE,Female,,GHE117,Chronic respiratory diseases,,440153 [284769-600124],440153.00000,284769.40000,600124.10000,,,
SDG_SH_DTH_RNCOM,"Number of deaths attributed to non-communicable diseases, by type of disease and sex",https://www.who.int/data/gho/indicator-metadata-registry/imr-details/36,PUBLISHED,Published,,2013,2013,,SEAR,South-East Asia,,IND,2013,2013,India,,FMLE,Female,,GHE117,Chronic respiratory diseases,,458609 [297574-618698],458608.50000,297573.60000,618697.70000,,,
SDG_SH_DTH_RNCOM,"Number of deaths attributed to non-communicable diseases, by type of disease and sex",https://www.who.int/data/gho/indicator-metadata-registry/imr-details/36,PUBLISHED,Published,,2000,2000,,SEAR,South-East Asia,,IND,2000,2000,India,,MLE,Male,,GHE117,Chronic respiratory diseases,,467493 [340631-597025],467492.80000,340630.70000,597024.60000,,,
SDG_SH_DTH_RNCOM,"Number of deaths attributed to non-communicable diseases, by type of disease and sex",https://www.who.int/data/gho/indicator-metadata-registry/imr-details/36,PUBLISHED,Published,,2002,2002,,SEAR,South-East Asia,,IND,2002,2002,India,,FMLE,Female,,GHE117,Chronic respiratory diseases,,410303 [263630-577279],410302.80000,263629.60000,577278.90000,,,
SDG_SH_DTH_RNCOM,"Number of deaths attributed to non-communicable diseases, by type of disease and sex",https://www.who.int/data/gho/indicator-metadata-registry/imr-details/36,PUBLISHED,Published,,2001,2001,,SEAR,South-East Asia,,IND,2001,2001,India,,FMLE,Female,,GHE117,Chronic respiratory diseases,,399701 [254564-565612],399700.80000,254563.90000,565612.10000,,,
SDG_SH_DTH_RNCOM,"Number of deaths attributed to non-communicable diseases, by type of disease and sex",https://www.who.int/data/gho/indicator-metadata-registry/imr-details/36,PUBLISHED,Published,,2004,2004,,SEAR,South-East Asia,,IND,2004,2004,India,,MLE,Male,,GHE117,Chronic respiratory diseases,,463988 [340316-585767],463988.30000,340316.10000,585767.00000,,,
SDG_SH_DTH_RNCOM,"Number of deaths attributed to non-communicable diseases, by type of disease and sex",https://www.who.int/data/gho/indicator-metadata-registry/imr-details/36,PUBLISHED,Published,,2003,2003,,SEAR,South-East Asia,,IND,2003,2003,India,,BTSX,Both sexes,,GHE117,Chronic respiratory diseases,,890742 [619966-1180819],890741.90000,619966.00000,1180819.00000,,,
SDG_SH_DTH_RNCOM,"Number of deaths attributed to non-communicable diseases, by type of disease and sex",https://www.who.int/data/gho/indicator-metadata-registry/imr-details/36,PUBLISHED,Published,,2019,2019,,SEAR,South-East Asia,,IND,2019,2019,India,,FMLE,Female,,GHE117,Chronic respiratory diseases,,528837 [329237-724180],528837.30000,329237.10000,724180.00000,,,
SDG_SH_DTH_RNCOM,"Number of deaths attributed to non-communicable diseases, by type of disease and sex",https://www.who.int/data/gho/indicator-metadata-registry/imr-details/36,PUBLISHED,Published,,2009,2009,,SEAR,South-East Asia,,IND,2009,2009,India,,FMLE,Female,,GHE117,Chronic respiratory diseases,,418923 [272077-581380],418923.00000,272077.10000,581379.80000,,,
SDG_SH_DTH_RNCOM,"Number of deaths attributed to non-communicable diseases, by type of disease and sex",https://www.who.int/data/gho/indicator-metadata-registry/imr-details/36,PUBLISHED,Published,,2002,2002,,SEAR,South-East Asia,,IND,2002,2002,India,,MLE,Male,,GHE117,Chronic respiratory diseases,,489288 [360348-616466],489288.20000,360347.60000,616465.80000,,,
SDG_SH_DTH_RNCOM,"Number of deaths attributed to non-communicable diseases, by type of disease and sex",https://www.who.int/data/gho/indicator-metadata-registry/imr-details/36,PUBLISHED,Published,,2015,2015,,SEAR,South-East Asia,,IND,2015,2015,India,,FMLE,Female,,GHE117,Chronic respiratory diseases,,486229 [310994-652667],486228.60000,310993.70000,652667.10000,,,
SDG_SH_DTH_RNCOM,"Number of deaths attributed to non-communicable diseases, by type of disease and sex",https://www.who.int/data/gho/indicator-metadata-registry/imr-details/36,PUBLISHED,Published,,2016,2016,,SEAR,South-East Asia,,IND,2016,2016,India,,BTSX,Both sexes,,GHE117,Chronic respiratory diseases,,1079763 [748859-1391689],1079763.00000,748858.90000,1391689.00000,,,
