GHO (CODE),GHO (DISPLAY),GHO (URL),DATASOURCE (CODE),DATASOURCE (DISPLAY),DATASOURCE (URL),PUBLISHSTATE (CODE),PUBLISHSTATE (DISPLAY),PUBLISHSTATE (URL),YEAR (CODE),YEAR (DISPLAY),YEAR (URL),REGION (CODE),STARTYEAR,ENDYEAR,REGION (DISPLAY),REGION (URL),COUNTRY (CODE),COUNTRY (DISPLAY),COUNTRY (URL),SEX (CODE),SEX (DISPLAY),SEX (URL),Display Value,Numeric,Low,High,StdErr,StdDev,Comments
#indicator+code,#indicator+name,#indicator+url,,#meta+source,,#status+code,#status+name,,,#date+year,,#region+code,#date+year+start,#date+year+end,#region+name,,#country+code,#country+name,,#sex+code,#sex+name,,,#indicator+value+num,,,,,
NUTRITION_579,Exclusive breastfeeding under 6 months (%),https://www.who.int/data/gho/indicator-metadata-registry/imr-details/130,NLIS_300106,NLIS_300106,http://apps.who.int/nutrition/landscape/mddetails.aspx?sourcecode=300106,PUBLISHED,Published,,2006,2006,,SEAR,2006,2006,South-East Asia,,IND,India,,BTSX,Both sexes,,46.4,46.40000,,,,,
NUTRITION_579,Exclusive breastfeeding under 6 months (%),https://www.who.int/data/gho/indicator-metadata-registry/imr-details/130,NLIS_300097,NLIS_300097,http://apps.who.int/nutrition/landscape/mddetails.aspx?sourcecode=300097,PUBLISHED,Published,,1999,1999,,SEAR,1999,1999,South-East Asia,,IND,India,,BTSX,Both sexes,,46.5,46.50000,,,,,
NUTRITION_579,Exclusive breastfeeding under 6 months (%),https://www.who.int/data/gho/indicator-metadata-registry/imr-details/130,NLIS_300203,NLIS_300203,http://apps.who.int/nutrition/landscape/mddetails.aspx?sourcecode=300203,PUBLISHED,Published,,1993,1993,,SEAR,1993,1993,South-East Asia,,IND,India,,BTSX,Both sexes,,43.1,43.10000,,,,,
NUTRITION_570,Early initiation of breastfeeding (%),https://www.who.int/data/gho/indicator-metadata-registry/imr-details/337,,,,PUBLISHED,Published,,1998-1999,1998-1999,,SEAR,1998,1999,South-East Asia,,IND,India,,,,,15.9,15.90000,,,,,"National family health survey (NFHS-2) 1998-99. Demographic and Health Surveys. Mumbai, India, 2000 / DHS Stat"
NUTRITION_570,Early initiation of breastfeeding (%),https://www.who.int/data/gho/indicator-metadata-registry/imr-details/337,,,,PUBLISHED,Published,,2005-2006,2005-2006,,SEAR,2005,2006,South-East Asia,,IND,India,,,,,23.1,23.14109,,,,,"National family health survey (NFHS-3), 2005-06: India: Volume I. Demographic and Health Surveys. Mumbai, India: IIPS, 2007 / Reanalyzed"
NUTRITION_570,Early initiation of breastfeeding (%),https://www.who.int/data/gho/indicator-metadata-registry/imr-details/337,,,,PUBLISHED,Published,,2015-2016,2015-2016,,SEAR,2015,2016,South-East Asia,,IND,India,,,,,41.5,41.49844,,,,,"National Family Health Survey (NFHS-4), 2015-16: India. Mumbai: IIPS. 2017 / Reanalyzed"
NUTRITION_2005,Proportion of children aged 6-23 months who receive a minimum acceptable diet,https://www.who.int/data/gho/indicator-metadata-registry/imr-details/4738,,,,PUBLISHED,Published,,2015-2016,2015-2016,,SEAR,2015,2016,South-East Asia,,IND,India,,,,,9.6,9.60000,,,,,DHS 2015-16
NUTRITION_ANAEMIA_CHILDREN_PREV,"Anaemia in children under 5 years, prevalence (%)",https://www.who.int/data/gho/indicator-metadata-registry/imr-details/4801,,,,PUBLISHED,Published,,2000,2000,,SEAR,2000,2000,South-East Asia,,IND,India,,BTSX,Both sexes,,69.5 [61.9-75.3],69.50000,61.90000,75.30000,,,
NUTRITION_ANAEMIA_CHILDREN_PREV,"Anaemia in children under 5 years, prevalence (%)",https://www.who.int/data/gho/indicator-metadata-registry/imr-details/4801,,,,PUBLISHED,Published,,2001,2001,,SEAR,2001,2001,South-East Asia,,IND,India,,BTSX,Both sexes,,68.3 [60.5-74.4],68.30000,60.50000,74.40000,,,
NUTRITION_ANAEMIA_CHILDREN_PREV,"Anaemia in children under 5 years, prevalence (%)",https://www.who.int/data/gho/indicator-metadata-registry/imr-details/4801,,,,PUBLISHED,Published,,2002,2002,,SEAR,2002,2002,South-East Asia,,IND,India,,BTSX,Both sexes,,67.3 [59.2-73.5],67.30000,59.20000,73.50000,,,
NUTRITION_ANAEMIA_CHILDREN_PREV,"Anaemia in children under 5 years, prevalence (%)",https://www.who.int/data/gho/indicator-metadata-registry/imr-details/4801,,,,PUBLISHED,Published,,2003,2003,,SEAR,2003,2003,South-East Asia,,IND,India,,BTSX,Both sexes,,66.3 [58.1-72.8],66.30000,58.10000,72.80000,,,
NUTRITION_ANAEMIA_CHILDREN_PREV,"Anaemia in children under 5 years, prevalence (%)",https://www.who.int/data/gho/indicator-metadata-registry/imr-details/4801,,,,PUBLISHED,Published,,2004,2004,,SEAR,2004,2004,South-East Asia,,IND,India,,BTSX,Both sexes,,65.3 [56.8-72.1],65.30000,56.80000,72.10000,,,
NUTRITION_ANAEMIA_CHILDREN_PREV,"Anaemia in children under 5 years, prevalence (%)",https://www.who.int/data/gho/indicator-metadata-registry/imr-details/4801,,,,PUBLISHED,Published,,2005,2005,,SEAR,2005,2005,South-East Asia,,IND,India,,BTSX,Both sexes,,64.4 [55.6-71.4],64.40000,55.60000,71.40000,,,
NUTRITION_ANAEMIA_CHILDREN_PREV,"Anaemia in children under 5 years, prevalence (%)",https://www.who.int/data/gho/indicator-metadata-registry/imr-details/4801,,,,PUBLISHED,Published,,2006,2006,,SEAR,2006,2006,South-East Asia,,IND,India,,BTSX,Both sexes,,63.4 [54.1-70.9],63.40000,54.10000,70.90000,,,
NUTRITION_ANAEMIA_CHILDREN_PREV,"Anaemia in children under 5 years, prevalence (%)",https://www.who.int/data/gho/indicator-metadata-registry/imr-details/4801,,,,PUBLISHED,Published,,2007,2007,,SEAR,2007,2007,South-East Asia,,IND,India,,BTSX,Both sexes,,62.5 [52.9-70.3],62.50000,52.90000,70.30000,,,
NUTRITION_ANAEMIA_CHILDREN_PREV,"Anaemia in children under 5 years, prevalence (%)",https://www.who.int/data/gho/indicator-metadata-registry/imr-details/4801,,,,PUBLISHED,Published,,2008,2008,,SEAR,2008,2008,South-East Asia,,IND,India,,BTSX,Both sexes,,61.5 [51.6-69.8],61.50000,51.60000,69.80000,,,
NUTRITION_ANAEMIA_CHILDREN_PREV,"Anaemia in children under 5 years, prevalence (%)",https://www.who.int/data/gho/indicator-metadata-registry/imr-details/4801,,,,PUBLISHED,Published,,2009,2009,,SEAR,2009,2009,South-East Asia,,IND,India,,BTSX,Both sexes,,60.6 [50.5-69.1],60.60000,50.50000,69.10000,,,
NUTRITION_ANAEMIA_CHILDREN_PREV,"Anaemia in children under 5 years, prevalence (%)",https://www.who.int/data/gho/indicator-metadata-registry/imr-details/4801,,,,PUBLISHED,Published,,2010,2010,,SEAR,2010,2010,South-East Asia,,IND,India,,BTSX,Both sexes,,59.7 [49.6-68.2],59.70000,49.60000,68.20000,,,
NUTRITION_ANAEMIA_CHILDREN_PREV,"Anaemia in children under 5 years, prevalence (%)",https://www.who.int/data/gho/indicator-metadata-registry/imr-details/4801,,,,PUBLISHED,Published,,2011,2011,,SEAR,2011,2011,South-East Asia,,IND,India,,BTSX,Both sexes,,58.8 [49.0-67.4],58.80000,49.00000,67.40000,,,
NUTRITION_ANAEMIA_CHILDREN_PREV,"Anaemia in children under 5 years, prevalence (%)",https://www.who.int/data/gho/indicator-metadata-registry/imr-details/4801,,,,PUBLISHED,Published,,2012,2012,,SEAR,2012,2012,South-East Asia,,IND,India,,BTSX,Both sexes,,58.0 [48.5-66.4],58.00000,48.50000,66.40000,,,
NUTRITION_ANAEMIA_CHILDREN_PREV,"Anaemia in children under 5 years, prevalence (%)",https://www.who.int/data/gho/indicator-metadata-registry/imr-details/4801,,,,PUBLISHED,Published,,2013,2013,,SEAR,2013,2013,South-East Asia,,IND,India,,BTSX,Both sexes,,57.2 [47.9-65.4],57.20000,47.90000,65.40000,,,
NUTRITION_ANAEMIA_CHILDREN_PREV,"Anaemia in children under 5 years, prevalence (%)",https://www.who.int/data/gho/indicator-metadata-registry/imr-details/4801,,,,PUBLISHED,Published,,2014,2014,,SEAR,2014,2014,South-East Asia,,IND,India,,BTSX,Both sexes,,56.4 [47.7-64.6],56.40000,47.70000,64.60000,,,
NUTRITION_ANAEMIA_CHILDREN_PREV,"Anaemia in children under 5 years, prevalence (%)",https://www.who.int/data/gho/indicator-metadata-registry/imr-details/4801,,,,PUBLISHED,Published,,2015,2015,,SEAR,2015,2015,South-East Asia,,IND,India,,BTSX,Both sexes,,55.7 [46.8-63.8],55.70000,46.80000,63.80000,,,
NUTRITION_ANAEMIA_CHILDREN_PREV,"Anaemia in children under 5 years, prevalence (%)",https://www.who.int/data/gho/indicator-metadata-registry/imr-details/4801,,,,PUBLISHED,Published,,2016,2016,,SEAR,2016,2016,South-East Asia,,IND,India,,BTSX,Both sexes,,55.0 [46.0-63.2],55.00000,46.00000,63.20000,,,
NUTRITION_ANAEMIA_CHILDREN_PREV,"Anaemia in children under 5 years, prevalence (%)",https://www.who.int/data/gho/indicator-metadata-registry/imr-details/4801,,,,PUBLISHED,Published,,2017,2017,,SEAR,2017,2017,South-East Asia,,IND,India,,BTSX,Both sexes,,54.5 [44.6-63.3],54.50000,44.60000,63.30000,,,
NUTRITION_ANAEMIA_CHILDREN_PREV,"Anaemia in children under 5 years, prevalence (%)",https://www.who.int/data/gho/indicator-metadata-registry/imr-details/4801,,,,PUBLISHED,Published,,2018,2018,,SEAR,2018,2018,South-East Asia,,IND,India,,BTSX,Both sexes,,53.9 [42.4-64.1],53.90000,42.40000,64.10000,,,
NUTRITION_ANAEMIA_CHILDREN_PREV,"Anaemia in children under 5 years, prevalence (%)",https://www.who.int/data/gho/indicator-metadata-registry/imr-details/4801,,,,PUBLISHED,Published,,2019,2019,,SEAR,2019,2019,South-East Asia,,IND,India,,BTSX,Both sexes,,53.4 [39.8-65.4],53.40000,39.80000,65.40000,,,
NUTRITION_ANAEMIA_CHILDREN_NUM,Anaemia in children under 5 years  (in thousands),https://www.who.int/data/gho/indicator-metadata-registry/imr-details/5653,,,,PUBLISHED,Published,,2000,2000,,SEAR,2000,2000,South-East Asia,,IND,India,,BTSX,Both sexes,,88799 [79124-96292],88798.52000,79124.00000,96292.00000,,,
NUTRITION_ANAEMIA_CHILDREN_NUM,Anaemia in children under 5 years  (in thousands),https://www.who.int/data/gho/indicator-metadata-registry/imr-details/5653,,,,PUBLISHED,Published,,2001,2001,,SEAR,2001,2001,South-East Asia,,IND,India,,BTSX,Both sexes,,87984 [77890-95795],87983.69000,77890.00000,95795.00000,,,
NUTRITION_ANAEMIA_CHILDREN_NUM,Anaemia in children under 5 years  (in thousands),https://www.who.int/data/gho/indicator-metadata-registry/imr-details/5653,,,,PUBLISHED,Published,,2002,2002,,SEAR,2002,2002,South-East Asia,,IND,India,,BTSX,Both sexes,,86921 [76452-94985],86920.93100,76452.00000,94985.00000,,,
NUTRITION_ANAEMIA_CHILDREN_NUM,Anaemia in children under 5 years  (in thousands),https://www.who.int/data/gho/indicator-metadata-registry/imr-details/5653,,,,PUBLISHED,Published,,2003,2003,,SEAR,2003,2003,South-East Asia,,IND,India,,BTSX,Both sexes,,85780 [75185-94189],85780.48000,75185.00000,94189.00000,,,
NUTRITION_ANAEMIA_CHILDREN_NUM,Anaemia in children under 5 years  (in thousands),https://www.who.int/data/gho/indicator-metadata-registry/imr-details/5653,,,,PUBLISHED,Published,,2004,2004,,SEAR,2004,2004,South-East Asia,,IND,India,,BTSX,Both sexes,,84569 [73560-93324],84569.26800,73560.00000,93324.00000,,,
NUTRITION_ANAEMIA_CHILDREN_NUM,Anaemia in children under 5 years  (in thousands),https://www.who.int/data/gho/indicator-metadata-registry/imr-details/5653,,,,PUBLISHED,Published,,2005,2005,,SEAR,2005,2005,South-East Asia,,IND,India,,BTSX,Both sexes,,83382 [72029-92479],83382.38100,72029.00000,92479.00000,,,
NUTRITION_ANAEMIA_CHILDREN_NUM,Anaemia in children under 5 years  (in thousands),https://www.who.int/data/gho/indicator-metadata-registry/imr-details/5653,,,,PUBLISHED,Published,,2006,2006,,SEAR,2006,2006,South-East Asia,,IND,India,,BTSX,Both sexes,,82318 [70217-92008],82317.54700,70217.00000,92008.00000,,,
NUTRITION_ANAEMIA_CHILDREN_NUM,Anaemia in children under 5 years  (in thousands),https://www.who.int/data/gho/indicator-metadata-registry/imr-details/5653,,,,PUBLISHED,Published,,2007,2007,,SEAR,2007,2007,South-East Asia,,IND,India,,BTSX,Both sexes,,81130 [68728-91301],81129.91400,68728.00000,91301.00000,,,
NUTRITION_ANAEMIA_CHILDREN_NUM,Anaemia in children under 5 years  (in thousands),https://www.who.int/data/gho/indicator-metadata-registry/imr-details/5653,,,,PUBLISHED,Published,,2008,2008,,SEAR,2008,2008,South-East Asia,,IND,India,,BTSX,Both sexes,,79826 [66989-90587],79825.75100,66989.00000,90587.00000,,,
NUTRITION_ANAEMIA_CHILDREN_NUM,Anaemia in children under 5 years  (in thousands),https://www.who.int/data/gho/indicator-metadata-registry/imr-details/5653,,,,PUBLISHED,Published,,2009,2009,,SEAR,2009,2009,South-East Asia,,IND,India,,BTSX,Both sexes,,78261 [65283-89294],78260.96000,65283.00000,89294.00000,,,
NUTRITION_ANAEMIA_CHILDREN_NUM,Anaemia in children under 5 years  (in thousands),https://www.who.int/data/gho/indicator-metadata-registry/imr-details/5653,,,,PUBLISHED,Published,,2010,2010,,SEAR,2010,2010,South-East Asia,,IND,India,,BTSX,Both sexes,,76517 [63595-87449],76517.47400,63595.00000,87449.00000,,,
NUTRITION_ANAEMIA_CHILDREN_NUM,Anaemia in children under 5 years  (in thousands),https://www.who.int/data/gho/indicator-metadata-registry/imr-details/5653,,,,PUBLISHED,Published,,2011,2011,,SEAR,2011,2011,South-East Asia,,IND,India,,BTSX,Both sexes,,74837 [62276-85677],74836.83400,62276.00000,85677.00000,,,
NUTRITION_ANAEMIA_CHILDREN_NUM,Anaemia in children under 5 years  (in thousands),https://www.who.int/data/gho/indicator-metadata-registry/imr-details/5653,,,,PUBLISHED,Published,,2012,2012,,SEAR,2012,2012,South-East Asia,,IND,India,,BTSX,Both sexes,,72661 [60723-83192],72661.25700,60723.00000,83192.00000,,,
NUTRITION_ANAEMIA_CHILDREN_NUM,Anaemia in children under 5 years  (in thousands),https://www.who.int/data/gho/indicator-metadata-registry/imr-details/5653,,,,PUBLISHED,Published,,2013,2013,,SEAR,2013,2013,South-East Asia,,IND,India,,BTSX,Both sexes,,70288 [58926-80454],70288.03200,58926.00000,80454.00000,,,
NUTRITION_ANAEMIA_CHILDREN_NUM,Anaemia in children under 5 years  (in thousands),https://www.who.int/data/gho/indicator-metadata-registry/imr-details/5653,,,,PUBLISHED,Published,,2014,2014,,SEAR,2014,2014,South-East Asia,,IND,India,,BTSX,Both sexes,,68077 [57526-77978],68077.28700,57526.00000,77978.00000,,,
NUTRITION_ANAEMIA_CHILDREN_NUM,Anaemia in children under 5 years  (in thousands),https://www.who.int/data/gho/indicator-metadata-registry/imr-details/5653,,,,PUBLISHED,Published,,2015,2015,,SEAR,2015,2015,South-East Asia,,IND,India,,BTSX,Both sexes,,66242 [55731-75866],66242.36600,55731.00000,75866.00000,,,
NUTRITION_ANAEMIA_CHILDREN_NUM,Anaemia in children under 5 years  (in thousands),https://www.who.int/data/gho/indicator-metadata-registry/imr-details/5653,,,,PUBLISHED,Published,,2016,2016,,SEAR,2016,2016,South-East Asia,,IND,India,,BTSX,Both sexes,,64325 [53741-73914],64325.45700,53741.00000,73914.00000,,,
NUTRITION_ANAEMIA_CHILDREN_NUM,Anaemia in children under 5 years  (in thousands),https://www.who.int/data/gho/indicator-metadata-registry/imr-details/5653,,,,PUBLISHED,Published,,2017,2017,,SEAR,2017,2017,South-East Asia,,IND,India,,BTSX,Both sexes,,63262 [51868-73520],63262.00000,51868.00000,73520.00000,,,
NUTRITION_ANAEMIA_CHILDREN_NUM,Anaemia in children under 5 years  (in thousands),https://www.who.int/data/gho/indicator-metadata-registry/imr-details/5653,,,,PUBLISHED,Published,,2018,2018,,SEAR,2018,2018,South-East Asia,,IND,India,,BTSX,Both sexes,,62713 [49375-74622],62712.68000,49375.00000,74622.00000,,,
NUTRITION_ANAEMIA_CHILDREN_NUM,Anaemia in children under 5 years  (in thousands),https://www.who.int/data/gho/indicator-metadata-registry/imr-details/5653,,,,PUBLISHED,Published,,2019,2019,,SEAR,2019,2019,South-East Asia,,IND,India,,BTSX,Both sexes,,62365 [46510-76372],62364.95300,46510.00000,76372.00000,,,
NUTRITION_ANAEMIA_REPRODUCTIVEAGE_NUM,Anaemia in women of reproductive age (in thousands),https://www.who.int/data/gho/indicator-metadata-registry/imr-details/5654,,,,PUBLISHED,Published,,2000,2000,,SEAR,2000,2000,South-East Asia,,IND,India,,FMLE,Female,,141492 [121779-160816],141492.37800,121779.00000,160816.00000,,,
NUTRITION_ANAEMIA_REPRODUCTIVEAGE_NUM,Anaemia in women of reproductive age (in thousands),https://www.who.int/data/gho/indicator-metadata-registry/imr-details/5654,,,,PUBLISHED,Published,,2001,2001,,SEAR,2001,2001,South-East Asia,,IND,India,,FMLE,Female,,144107 [124491-162649],144107.15700,124491.00000,162649.00000,,,
NUTRITION_ANAEMIA_REPRODUCTIVEAGE_NUM,Anaemia in women of reproductive age (in thousands),https://www.who.int/data/gho/indicator-metadata-registry/imr-details/5654,,,,PUBLISHED,Published,,2002,2002,,SEAR,2002,2002,South-East Asia,,IND,India,,FMLE,Female,,146960 [127615-165944],146960.19800,127615.00000,165944.00000,,,
NUTRITION_ANAEMIA_REPRODUCTIVEAGE_NUM,Anaemia in women of reproductive age (in thousands),https://www.who.int/data/gho/indicator-metadata-registry/imr-details/5654,,,,PUBLISHED,Published,,2003,2003,,SEAR,2003,2003,South-East Asia,,IND,India,,FMLE,Female,,150170 [129855-169764],150170.22600,129855.00000,169764.00000,,,
NUTRITION_ANAEMIA_REPRODUCTIVEAGE_NUM,Anaemia in women of reproductive age (in thousands),https://www.who.int/data/gho/indicator-metadata-registry/imr-details/5654,,,,PUBLISHED,Published,,2004,2004,,SEAR,2004,2004,South-East Asia,,IND,India,,FMLE,Female,,153211 [131973-173603],153210.65100,131973.00000,173603.00000,,,
NUTRITION_ANAEMIA_REPRODUCTIVEAGE_NUM,Anaemia in women of reproductive age (in thousands),https://www.who.int/data/gho/indicator-metadata-registry/imr-details/5654,,,,PUBLISHED,Published,,2005,2005,,SEAR,2005,2005,South-East Asia,,IND,India,,FMLE,Female,,156045 [133791-176519],156045.12800,133791.00000,176519.00000,,,
NUTRITION_ANAEMIA_REPRODUCTIVEAGE_NUM,Anaemia in women of reproductive age (in thousands),https://www.who.int/data/gho/indicator-metadata-registry/imr-details/5654,,,,PUBLISHED,Published,,2006,2006,,SEAR,2006,2006,South-East Asia,,IND,India,,FMLE,Female,,158713 [136120-179949],158713.09500,136120.00000,179949.00000,,,
NUTRITION_ANAEMIA_REPRODUCTIVEAGE_NUM,Anaemia in women of reproductive age (in thousands),https://www.who.int/data/gho/indicator-metadata-registry/imr-details/5654,,,,PUBLISHED,Published,,2007,2007,,SEAR,2007,2007,South-East Asia,,IND,India,,FMLE,Female,,161252 [138073-183642],161252.45200,138073.00000,183642.00000,,,
NUTRITION_ANAEMIA_REPRODUCTIVEAGE_NUM,Anaemia in women of reproductive age (in thousands),https://www.who.int/data/gho/indicator-metadata-registry/imr-details/5654,,,,PUBLISHED,Published,,2008,2008,,SEAR,2008,2008,South-East Asia,,IND,India,,FMLE,Female,,163553 [139739-187002],163552.65800,139739.00000,187002.00000,,,
NUTRITION_ANAEMIA_REPRODUCTIVEAGE_NUM,Anaemia in women of reproductive age (in thousands),https://www.who.int/data/gho/indicator-metadata-registry/imr-details/5654,,,,PUBLISHED,Published,,2009,2009,,SEAR,2009,2009,South-East Asia,,IND,India,,FMLE,Female,,165332 [140961-189225],165332.44100,140961.00000,189225.00000,,,
NUTRITION_ANAEMIA_REPRODUCTIVEAGE_NUM,Anaemia in women of reproductive age (in thousands),https://www.who.int/data/gho/indicator-metadata-registry/imr-details/5654,,,,PUBLISHED,Published,,2010,2010,,SEAR,2010,2010,South-East Asia,,IND,India,,FMLE,Female,,167466 [142940-191745],167466.42600,142940.00000,191745.00000,,,
NUTRITION_ANAEMIA_REPRODUCTIVEAGE_NUM,Anaemia in women of reproductive age (in thousands),https://www.who.int/data/gho/indicator-metadata-registry/imr-details/5654,,,,PUBLISHED,Published,,2011,2011,,SEAR,2011,2011,South-East Asia,,IND,India,,FMLE,Female,,169637 [145215-193899],169637.43500,145215.00000,193899.00000,,,
NUTRITION_ANAEMIA_REPRODUCTIVEAGE_NUM,Anaemia in women of reproductive age (in thousands),https://www.who.int/data/gho/indicator-metadata-registry/imr-details/5654,,,,PUBLISHED,Published,,2012,2012,,SEAR,2012,2012,South-East Asia,,IND,India,,FMLE,Female,,171530 [147308-195687],171530.25700,147308.00000,195687.00000,,,
NUTRITION_ANAEMIA_REPRODUCTIVEAGE_NUM,Anaemia in women of reproductive age (in thousands),https://www.who.int/data/gho/indicator-metadata-registry/imr-details/5654,,,,PUBLISHED,Published,,2013,2013,,SEAR,2013,2013,South-East Asia,,IND,India,,FMLE,Female,,173447 [149205-196902],173446.93000,149205.00000,196902.00000,,,
NUTRITION_ANAEMIA_REPRODUCTIVEAGE_NUM,Anaemia in women of reproductive age (in thousands),https://www.who.int/data/gho/indicator-metadata-registry/imr-details/5654,,,,PUBLISHED,Published,,2014,2014,,SEAR,2014,2014,South-East Asia,,IND,India,,FMLE,Female,,175308 [151439-198319],175307.51000,151439.00000,198319.00000,,,
NUTRITION_ANAEMIA_REPRODUCTIVEAGE_NUM,Anaemia in women of reproductive age (in thousands),https://www.who.int/data/gho/indicator-metadata-registry/imr-details/5654,,,,PUBLISHED,Published,,2015,2015,,SEAR,2015,2015,South-East Asia,,IND,India,,FMLE,Female,,177007 [153348-200117],177007.42500,153348.00000,200117.00000,,,
NUTRITION_ANAEMIA_REPRODUCTIVEAGE_NUM,Anaemia in women of reproductive age (in thousands),https://www.who.int/data/gho/indicator-metadata-registry/imr-details/5654,,,,PUBLISHED,Published,,2016,2016,,SEAR,2016,2016,South-East Asia,,IND,India,,FMLE,Female,,179451 [155132-203595],179451.32900,155132.00000,203595.00000,,,
NUTRITION_ANAEMIA_REPRODUCTIVEAGE_NUM,Anaemia in women of reproductive age (in thousands),https://www.who.int/data/gho/indicator-metadata-registry/imr-details/5654,,,,PUBLISHED,Published,,2017,2017,,SEAR,2017,2017,South-East Asia,,IND,India,,FMLE,Female,,182232 [155644-207666],182231.58500,155644.00000,207666.00000,,,
NUTRITION_ANAEMIA_REPRODUCTIVEAGE_NUM,Anaemia in women of reproductive age (in thousands),https://www.who.int/data/gho/indicator-metadata-registry/imr-details/5654,,,,PUBLISHED,Published,,2018,2018,,SEAR,2018,2018,South-East Asia,,IND,India,,FMLE,Female,,184719 [155258-211923],184718.73400,155258.00000,211923.00000,,,
NUTRITION_ANAEMIA_REPRODUCTIVEAGE_NUM,Anaemia in women of reproductive age (in thousands),https://www.who.int/data/gho/indicator-metadata-registry/imr-details/5654,,,,PUBLISHED,Published,,2019,2019,,SEAR,2019,2019,South-East Asia,,IND,India,,FMLE,Female,,187325 [154339-217796],187325.19100,154339.00000,217796.00000,,,
NUTRITION_ANAEMIA_NONPREGNANT_NUM,Anaemia in non-pregnant women (in thousands),https://www.who.int/data/gho/indicator-metadata-registry/imr-details/5654,,,,PUBLISHED,Published,,2000,2000,,SEAR,2000,2000,South-East Asia,,IND,India,,FMLE,Female,,131948 [112569-150885],131948.29200,112569.00000,150885.00000,,,
NUTRITION_ANAEMIA_NONPREGNANT_NUM,Anaemia in non-pregnant women (in thousands),https://www.who.int/data/gho/indicator-metadata-registry/imr-details/5654,,,,PUBLISHED,Published,,2001,2001,,SEAR,2001,2001,South-East Asia,,IND,India,,FMLE,Female,,134605 [115244-152826],134605.14900,115244.00000,152826.00000,,,
NUTRITION_ANAEMIA_NONPREGNANT_NUM,Anaemia in non-pregnant women (in thousands),https://www.who.int/data/gho/indicator-metadata-registry/imr-details/5654,,,,PUBLISHED,Published,,2002,2002,,SEAR,2002,2002,South-East Asia,,IND,India,,FMLE,Female,,137500 [118535-156158],137500.42400,118535.00000,156158.00000,,,
NUTRITION_ANAEMIA_NONPREGNANT_NUM,Anaemia in non-pregnant women (in thousands),https://www.who.int/data/gho/indicator-metadata-registry/imr-details/5654,,,,PUBLISHED,Published,,2003,2003,,SEAR,2003,2003,South-East Asia,,IND,India,,FMLE,Female,,140749 [120645-159946],140748.57800,120645.00000,159946.00000,,,
NUTRITION_ANAEMIA_NONPREGNANT_NUM,Anaemia in non-pregnant women (in thousands),https://www.who.int/data/gho/indicator-metadata-registry/imr-details/5654,,,,PUBLISHED,Published,,2004,2004,,SEAR,2004,2004,South-East Asia,,IND,India,,FMLE,Female,,143844 [123173-163743],143843.86700,123173.00000,163743.00000,,,
NUTRITION_ANAEMIA_NONPREGNANT_NUM,Anaemia in non-pregnant women (in thousands),https://www.who.int/data/gho/indicator-metadata-registry/imr-details/5654,,,,PUBLISHED,Published,,2005,2005,,SEAR,2005,2005,South-East Asia,,IND,India,,FMLE,Female,,146756 [125186-166912],146755.75400,125186.00000,166912.00000,,,
NUTRITION_ANAEMIA_NONPREGNANT_NUM,Anaemia in non-pregnant women (in thousands),https://www.who.int/data/gho/indicator-metadata-registry/imr-details/5654,,,,PUBLISHED,Published,,2006,2006,,SEAR,2006,2006,South-East Asia,,IND,India,,FMLE,Female,,149527 [127565-170440],149526.91500,127565.00000,170440.00000,,,
NUTRITION_ANAEMIA_NONPREGNANT_NUM,Anaemia in non-pregnant women (in thousands),https://www.who.int/data/gho/indicator-metadata-registry/imr-details/5654,,,,PUBLISHED,Published,,2007,2007,,SEAR,2007,2007,South-East Asia,,IND,India,,FMLE,Female,,152194 [129440-174197],152193.87400,129440.00000,174197.00000,,,
NUTRITION_ANAEMIA_NONPREGNANT_NUM,Anaemia in non-pregnant women (in thousands),https://www.who.int/data/gho/indicator-metadata-registry/imr-details/5654,,,,PUBLISHED,Published,,2008,2008,,SEAR,2008,2008,South-East Asia,,IND,India,,FMLE,Female,,154649 [131363-177691],154648.95600,131363.00000,177691.00000,,,
NUTRITION_ANAEMIA_NONPREGNANT_NUM,Anaemia in non-pregnant women (in thousands),https://www.who.int/data/gho/indicator-metadata-registry/imr-details/5654,,,,PUBLISHED,Published,,2009,2009,,SEAR,2009,2009,South-East Asia,,IND,India,,FMLE,Female,,156619 [133007-180121],156619.03000,133007.00000,180121.00000,,,
NUTRITION_ANAEMIA_NONPREGNANT_NUM,Anaemia in non-pregnant women (in thousands),https://www.who.int/data/gho/indicator-metadata-registry/imr-details/5654,,,,PUBLISHED,Published,,2010,2010,,SEAR,2010,2010,South-East Asia,,IND,India,,FMLE,Female,,158939 [135047-182795],158938.96800,135047.00000,182795.00000,,,
NUTRITION_ANAEMIA_NONPREGNANT_NUM,Anaemia in non-pregnant women (in thousands),https://www.who.int/data/gho/indicator-metadata-registry/imr-details/5654,,,,PUBLISHED,Published,,2011,2011,,SEAR,2011,2011,South-East Asia,,IND,India,,FMLE,Female,,161289 [137321-185233],161288.59000,137321.00000,185233.00000,,,
NUTRITION_ANAEMIA_NONPREGNANT_NUM,Anaemia in non-pregnant women (in thousands),https://www.who.int/data/gho/indicator-metadata-registry/imr-details/5654,,,,PUBLISHED,Published,,2012,2012,,SEAR,2012,2012,South-East Asia,,IND,India,,FMLE,Female,,163358 [139939-186990],163357.75900,139939.00000,186990.00000,,,
NUTRITION_ANAEMIA_NONPREGNANT_NUM,Anaemia in non-pregnant women (in thousands),https://www.who.int/data/gho/indicator-metadata-registry/imr-details/5654,,,,PUBLISHED,Published,,2013,2013,,SEAR,2013,2013,South-East Asia,,IND,India,,FMLE,Female,,165428 [141518-188670],165428.49500,141518.00000,188670.00000,,,
NUTRITION_ANAEMIA_NONPREGNANT_NUM,Anaemia in non-pregnant women (in thousands),https://www.who.int/data/gho/indicator-metadata-registry/imr-details/5654,,,,PUBLISHED,Published,,2014,2014,,SEAR,2014,2014,South-East Asia,,IND,India,,FMLE,Female,,167417 [143974-190214],167417.35000,143974.00000,190214.00000,,,
NUTRITION_ANAEMIA_NONPREGNANT_NUM,Anaemia in non-pregnant women (in thousands),https://www.who.int/data/gho/indicator-metadata-registry/imr-details/5654,,,,PUBLISHED,Published,,2015,2015,,SEAR,2015,2015,South-East Asia,,IND,India,,FMLE,Female,,169224 [145898-192111],169223.92500,145898.00000,192111.00000,,,
NUTRITION_ANAEMIA_NONPREGNANT_NUM,Anaemia in non-pregnant women (in thousands),https://www.who.int/data/gho/indicator-metadata-registry/imr-details/5654,,,,PUBLISHED,Published,,2016,2016,,SEAR,2016,2016,South-East Asia,,IND,India,,FMLE,Female,,171743 [147868-195563],171743.06400,147868.00000,195563.00000,,,
NUTRITION_ANAEMIA_NONPREGNANT_NUM,Anaemia in non-pregnant women (in thousands),https://www.who.int/data/gho/indicator-metadata-registry/imr-details/5654,,,,PUBLISHED,Published,,2017,2017,,SEAR,2017,2017,South-East Asia,,IND,India,,FMLE,Female,,174565 [148645-199711],174564.54400,148645.00000,199711.00000,,,
NUTRITION_ANAEMIA_NONPREGNANT_NUM,Anaemia in non-pregnant women (in thousands),https://www.who.int/data/gho/indicator-metadata-registry/imr-details/5654,,,,PUBLISHED,Published,,2018,2018,,SEAR,2018,2018,South-East Asia,,IND,India,,FMLE,Female,,177096 [148104-204085],177096.11000,148104.00000,204085.00000,,,
NUTRITION_ANAEMIA_NONPREGNANT_NUM,Anaemia in non-pregnant women (in thousands),https://www.who.int/data/gho/indicator-metadata-registry/imr-details/5654,,,,PUBLISHED,Published,,2019,2019,,SEAR,2019,2019,South-East Asia,,IND,India,,FMLE,Female,,179743 [147126-209882],179743.14000,147126.00000,209882.00000,,,
NUTRITION_ANAEMIA_PREGNANT_NUM,Anaemia in pregnant women (in thousands),https://www.who.int/data/gho/indicator-metadata-registry/imr-details/5654,,,,PUBLISHED,Published,,2000,2000,,SEAR,2000,2000,South-East Asia,,IND,India,,FMLE,Female,,9544 [8776-10166],9544.08600,8776.00000,10166.00000,,,
NUTRITION_ANAEMIA_PREGNANT_NUM,Anaemia in pregnant women (in thousands),https://www.who.int/data/gho/indicator-metadata-registry/imr-details/5654,,,,PUBLISHED,Published,,2001,2001,,SEAR,2001,2001,South-East Asia,,IND,India,,FMLE,Female,,9502 [8757-10094],9502.00800,8757.00000,10094.00000,,,
NUTRITION_ANAEMIA_PREGNANT_NUM,Anaemia in pregnant women (in thousands),https://www.who.int/data/gho/indicator-metadata-registry/imr-details/5654,,,,PUBLISHED,Published,,2002,2002,,SEAR,2002,2002,South-East Asia,,IND,India,,FMLE,Female,,9460 [8712-10044],9459.77400,8712.00000,10044.00000,,,
NUTRITION_ANAEMIA_PREGNANT_NUM,Anaemia in pregnant women (in thousands),https://www.who.int/data/gho/indicator-metadata-registry/imr-details/5654,,,,PUBLISHED,Published,,2003,2003,,SEAR,2003,2003,South-East Asia,,IND,India,,FMLE,Female,,9422 [8664-9992],9421.64800,8664.00000,9992.00000,,,
NUTRITION_ANAEMIA_PREGNANT_NUM,Anaemia in pregnant women (in thousands),https://www.who.int/data/gho/indicator-metadata-registry/imr-details/5654,,,,PUBLISHED,Published,,2004,2004,,SEAR,2004,2004,South-East Asia,,IND,India,,FMLE,Female,,9367 [8598-9937],9366.78500,8598.00000,9937.00000,,,
NUTRITION_ANAEMIA_PREGNANT_NUM,Anaemia in pregnant women (in thousands),https://www.who.int/data/gho/indicator-metadata-registry/imr-details/5654,,,,PUBLISHED,Published,,2005,2005,,SEAR,2005,2005,South-East Asia,,IND,India,,FMLE,Female,,9289 [8532-9861],9289.37300,8532.00000,9861.00000,,,
NUTRITION_ANAEMIA_PREGNANT_NUM,Anaemia in pregnant women (in thousands),https://www.who.int/data/gho/indicator-metadata-registry/imr-details/5654,,,,PUBLISHED,Published,,2006,2006,,SEAR,2006,2006,South-East Asia,,IND,India,,FMLE,Female,,9186 [8401-9755],9186.17900,8401.00000,9755.00000,,,
NUTRITION_ANAEMIA_PREGNANT_NUM,Anaemia in pregnant women (in thousands),https://www.who.int/data/gho/indicator-metadata-registry/imr-details/5654,,,,PUBLISHED,Published,,2007,2007,,SEAR,2007,2007,South-East Asia,,IND,India,,FMLE,Female,,9059 [8254-9622],9058.57900,8254.00000,9622.00000,,,
NUTRITION_ANAEMIA_PREGNANT_NUM,Anaemia in pregnant women (in thousands),https://www.who.int/data/gho/indicator-metadata-registry/imr-details/5654,,,,PUBLISHED,Published,,2008,2008,,SEAR,2008,2008,South-East Asia,,IND,India,,FMLE,Female,,8904 [8113-9468],8903.70200,8113.00000,9468.00000,,,
NUTRITION_ANAEMIA_PREGNANT_NUM,Anaemia in pregnant women (in thousands),https://www.who.int/data/gho/indicator-metadata-registry/imr-details/5654,,,,PUBLISHED,Published,,2009,2009,,SEAR,2009,2009,South-East Asia,,IND,India,,FMLE,Female,,8713 [7912-9268],8713.41100,7912.00000,9268.00000,,,
NUTRITION_ANAEMIA_PREGNANT_NUM,Anaemia in pregnant women (in thousands),https://www.who.int/data/gho/indicator-metadata-registry/imr-details/5654,,,,PUBLISHED,Published,,2010,2010,,SEAR,2010,2010,South-East Asia,,IND,India,,FMLE,Female,,8527 [7739-9074],8527.45900,7739.00000,9074.00000,,,
NUTRITION_ANAEMIA_PREGNANT_NUM,Anaemia in pregnant women (in thousands),https://www.who.int/data/gho/indicator-metadata-registry/imr-details/5654,,,,PUBLISHED,Published,,2011,2011,,SEAR,2011,2011,South-East Asia,,IND,India,,FMLE,Female,,8349 [7576-8884],8348.84500,7576.00000,8884.00000,,,
NUTRITION_ANAEMIA_PREGNANT_NUM,Anaemia in pregnant women (in thousands),https://www.who.int/data/gho/indicator-metadata-registry/imr-details/5654,,,,PUBLISHED,Published,,2012,2012,,SEAR,2012,2012,South-East Asia,,IND,India,,FMLE,Female,,8172 [7423-8697],8172.49800,7423.00000,8697.00000,,,
NUTRITION_ANAEMIA_PREGNANT_NUM,Anaemia in pregnant women (in thousands),https://www.who.int/data/gho/indicator-metadata-registry/imr-details/5654,,,,PUBLISHED,Published,,2013,2013,,SEAR,2013,2013,South-East Asia,,IND,India,,FMLE,Female,,8018 [7288-8519],8018.43500,7288.00000,8519.00000,,,
NUTRITION_ANAEMIA_PREGNANT_NUM,Anaemia in pregnant women (in thousands),https://www.who.int/data/gho/indicator-metadata-registry/imr-details/5654,,,,PUBLISHED,Published,,2014,2014,,SEAR,2014,2014,South-East Asia,,IND,India,,FMLE,Female,,7890 [7177-8390],7890.16000,7177.00000,8390.00000,,,
NUTRITION_ANAEMIA_PREGNANT_NUM,Anaemia in pregnant women (in thousands),https://www.who.int/data/gho/indicator-metadata-registry/imr-details/5654,,,,PUBLISHED,Published,,2015,2015,,SEAR,2015,2015,South-East Asia,,IND,India,,FMLE,Female,,7784 [7094-8292],7783.50000,7094.00000,8292.00000,,,
NUTRITION_ANAEMIA_PREGNANT_NUM,Anaemia in pregnant women (in thousands),https://www.who.int/data/gho/indicator-metadata-registry/imr-details/5654,,,,PUBLISHED,Published,,2016,2016,,SEAR,2016,2016,South-East Asia,,IND,India,,FMLE,Female,,7708 [7023-8239],7708.26600,7023.00000,8239.00000,,,
NUTRITION_ANAEMIA_PREGNANT_NUM,Anaemia in pregnant women (in thousands),https://www.who.int/data/gho/indicator-metadata-registry/imr-details/5654,,,,PUBLISHED,Published,,2017,2017,,SEAR,2017,2017,South-East Asia,,IND,India,,FMLE,Female,,7667 [6956-8211],7667.04100,6956.00000,8211.00000,,,
NUTRITION_ANAEMIA_PREGNANT_NUM,Anaemia in pregnant women (in thousands),https://www.who.int/data/gho/indicator-metadata-registry/imr-details/5654,,,,PUBLISHED,Published,,2018,2018,,SEAR,2018,2018,South-East Asia,,IND,India,,FMLE,Female,,7623 [6839-8191],7622.62400,6839.00000,8191.00000,,,
NUTRITION_ANAEMIA_PREGNANT_NUM,Anaemia in pregnant women (in thousands),https://www.who.int/data/gho/indicator-metadata-registry/imr-details/5654,,,,PUBLISHED,Published,,2019,2019,,SEAR,2019,2019,South-East Asia,,IND,India,,FMLE,Female,,7582 [6697-8197],7582.05000,6697.00000,8197.00000,,,
NUTRITION_ANAEMIA_REPRODUCTIVEAGE_PREV,"Anaemia in women of reproductive age, prevalence (%)",https://www.who.int/data/gho/indicator-metadata-registry/imr-details/4552,,,,PUBLISHED,Published,,2009,2009,,SEAR,2009,2009,South-East Asia,,IND,India,,,,,53.7 [61.5-45.8],53.70000,61.50000,45.80000,,,
NUTRITION_ANAEMIA_REPRODUCTIVEAGE_PREV,"Anaemia in women of reproductive age, prevalence (%)",https://www.who.int/data/gho/indicator-metadata-registry/imr-details/4552,,,,PUBLISHED,Published,,2017,2017,,SEAR,2017,2017,South-East Asia,,IND,India,,,,,52.8 [60.2-45.1],52.80000,60.20000,45.10000,,,
NUTRITION_ANAEMIA_REPRODUCTIVEAGE_PREV,"Anaemia in women of reproductive age, prevalence (%)",https://www.who.int/data/gho/indicator-metadata-registry/imr-details/4552,,,,PUBLISHED,Published,,2012,2012,,SEAR,2012,2012,South-East Asia,,IND,India,,,,,53.2 [60.7-45.7],53.20000,60.70000,45.70000,,,
NUTRITION_ANAEMIA_REPRODUCTIVEAGE_PREV,"Anaemia in women of reproductive age, prevalence (%)",https://www.who.int/data/gho/indicator-metadata-registry/imr-details/4552,,,,PUBLISHED,Published,,2007,2007,,SEAR,2007,2007,South-East Asia,,IND,India,,,,,54.1 [61.6-46.3],54.10000,61.60000,46.30000,,,
NUTRITION_ANAEMIA_REPRODUCTIVEAGE_PREV,"Anaemia in women of reproductive age, prevalence (%)",https://www.who.int/data/gho/indicator-metadata-registry/imr-details/4552,,,,PUBLISHED,Published,,2002,2002,,SEAR,2002,2002,South-East Asia,,IND,India,,,,,54.0 [60.9-46.9],54.00000,60.90000,46.90000,,,
NUTRITION_ANAEMIA_REPRODUCTIVEAGE_PREV,"Anaemia in women of reproductive age, prevalence (%)",https://www.who.int/data/gho/indicator-metadata-registry/imr-details/4552,,,,PUBLISHED,Published,,2013,2013,,SEAR,2013,2013,South-East Asia,,IND,India,,,,,53.0 [60.2-45.6],53.00000,60.20000,45.60000,,,
NUTRITION_ANAEMIA_REPRODUCTIVEAGE_PREV,"Anaemia in women of reproductive age, prevalence (%)",https://www.who.int/data/gho/indicator-metadata-registry/imr-details/4552,,,,PUBLISHED,Published,,2014,2014,,SEAR,2014,2014,South-East Asia,,IND,India,,,,,52.9 [59.8-45.7],52.90000,59.80000,45.70000,,,
NUTRITION_ANAEMIA_REPRODUCTIVEAGE_PREV,"Anaemia in women of reproductive age, prevalence (%)",https://www.who.int/data/gho/indicator-metadata-registry/imr-details/4552,,,,PUBLISHED,Published,,2016,2016,,SEAR,2016,2016,South-East Asia,,IND,India,,,,,52.6 [59.7-45.5],52.60000,59.70000,45.50000,,,
NUTRITION_ANAEMIA_REPRODUCTIVEAGE_PREV,"Anaemia in women of reproductive age, prevalence (%)",https://www.who.int/data/gho/indicator-metadata-registry/imr-details/4552,,,,PUBLISHED,Published,,2003,2003,,SEAR,2003,2003,South-East Asia,,IND,India,,,,,54.1 [61.1-46.8],54.10000,61.10000,46.80000,,,
NUTRITION_ANAEMIA_REPRODUCTIVEAGE_PREV,"Anaemia in women of reproductive age, prevalence (%)",https://www.who.int/data/gho/indicator-metadata-registry/imr-details/4552,,,,PUBLISHED,Published,,2011,2011,,SEAR,2011,2011,South-East Asia,,IND,India,,,,,53.4 [61.1-45.7],53.40000,61.10000,45.70000,,,
NUTRITION_ANAEMIA_REPRODUCTIVEAGE_PREV,"Anaemia in women of reproductive age, prevalence (%)",https://www.who.int/data/gho/indicator-metadata-registry/imr-details/4552,,,,PUBLISHED,Published,,2000,2000,,SEAR,2000,2000,South-East Asia,,IND,India,,,,,54.1 [61.5-46.6],54.10000,61.50000,46.60000,,,
NUTRITION_ANAEMIA_REPRODUCTIVEAGE_PREV,"Anaemia in women of reproductive age, prevalence (%)",https://www.who.int/data/gho/indicator-metadata-registry/imr-details/4552,,,,PUBLISHED,Published,,2015,2015,,SEAR,2015,2015,South-East Asia,,IND,India,,,,,52.7 [59.5-45.6],52.70000,59.50000,45.60000,,,
NUTRITION_ANAEMIA_REPRODUCTIVEAGE_PREV,"Anaemia in women of reproductive age, prevalence (%)",https://www.who.int/data/gho/indicator-metadata-registry/imr-details/4552,,,,PUBLISHED,Published,,2004,2004,,SEAR,2004,2004,South-East Asia,,IND,India,,,,,54.1 [61.4-46.6],54.10000,61.40000,46.60000,,,
NUTRITION_ANAEMIA_REPRODUCTIVEAGE_PREV,"Anaemia in women of reproductive age, prevalence (%)",https://www.who.int/data/gho/indicator-metadata-registry/imr-details/4552,,,,PUBLISHED,Published,,2001,2001,,SEAR,2001,2001,South-East Asia,,IND,India,,,,,54.0 [60.9-46.6],54.00000,60.90000,46.60000,,,
NUTRITION_ANAEMIA_REPRODUCTIVEAGE_PREV,"Anaemia in women of reproductive age, prevalence (%)",https://www.who.int/data/gho/indicator-metadata-registry/imr-details/4552,,,,PUBLISHED,Published,,2008,2008,,SEAR,2008,2008,South-East Asia,,IND,India,,,,,54.0 [61.7-46.1],54.00000,61.70000,46.10000,,,
NUTRITION_ANAEMIA_REPRODUCTIVEAGE_PREV,"Anaemia in women of reproductive age, prevalence (%)",https://www.who.int/data/gho/indicator-metadata-registry/imr-details/4552,,,,PUBLISHED,Published,,2018,2018,,SEAR,2018,2018,South-East Asia,,IND,India,,,,,52.9 [60.7-44.4],52.90000,60.70000,44.40000,,,
NUTRITION_ANAEMIA_REPRODUCTIVEAGE_PREV,"Anaemia in women of reproductive age, prevalence (%)",https://www.who.int/data/gho/indicator-metadata-registry/imr-details/4552,,,,PUBLISHED,Published,,2019,2019,,SEAR,2019,2019,South-East Asia,,IND,India,,,,,53.0 [61.6-43.7],53.00000,61.60000,43.70000,,,
NUTRITION_ANAEMIA_REPRODUCTIVEAGE_PREV,"Anaemia in women of reproductive age, prevalence (%)",https://www.who.int/data/gho/indicator-metadata-registry/imr-details/4552,,,,PUBLISHED,Published,,2006,2006,,SEAR,2006,2006,South-East Asia,,IND,India,,,,,54.1 [61.4-46.4],54.10000,61.40000,46.40000,,,
NUTRITION_ANAEMIA_REPRODUCTIVEAGE_PREV,"Anaemia in women of reproductive age, prevalence (%)",https://www.who.int/data/gho/indicator-metadata-registry/imr-details/4552,,,,PUBLISHED,Published,,2010,2010,,SEAR,2010,2010,South-East Asia,,IND,India,,,,,53.5 [61.3-45.7],53.50000,61.30000,45.70000,,,
NUTRITION_ANAEMIA_REPRODUCTIVEAGE_PREV,"Anaemia in women of reproductive age, prevalence (%)",https://www.who.int/data/gho/indicator-metadata-registry/imr-details/4552,,,,PUBLISHED,Published,,2005,2005,,SEAR,2005,2005,South-East Asia,,IND,India,,,,,54.2 [61.3-46.4],54.20000,61.30000,46.40000,,,
NUTRITION_ANAEMIA_NONPREGNANT_PREV,"Anaemia in non-pregnant women, prevalence (%)",https://www.who.int/data/gho/indicator-metadata-registry/imr-details/4552,,,,PUBLISHED,Published,,2000,2000,,SEAR,2000,2000,South-East Asia,,IND,India,,,,,54.1 [61.9-46.2],54.10000,61.90000,46.20000,,,
NUTRITION_ANAEMIA_NONPREGNANT_PREV,"Anaemia in non-pregnant women, prevalence (%)",https://www.who.int/data/gho/indicator-metadata-registry/imr-details/4552,,,,PUBLISHED,Published,,2001,2001,,SEAR,2001,2001,South-East Asia,,IND,India,,,,,54.0 [61.3-46.2],54.00000,61.30000,46.20000,,,
NUTRITION_ANAEMIA_NONPREGNANT_PREV,"Anaemia in non-pregnant women, prevalence (%)",https://www.who.int/data/gho/indicator-metadata-registry/imr-details/4552,,,,PUBLISHED,Published,,2002,2002,,SEAR,2002,2002,South-East Asia,,IND,India,,,,,54.0 [61.3-46.5],54.00000,61.30000,46.50000,,,
NUTRITION_ANAEMIA_NONPREGNANT_PREV,"Anaemia in non-pregnant women, prevalence (%)",https://www.who.int/data/gho/indicator-metadata-registry/imr-details/4552,,,,PUBLISHED,Published,,2003,2003,,SEAR,2003,2003,South-East Asia,,IND,India,,,,,54.1 [61.5-46.4],54.10000,61.50000,46.40000,,,
NUTRITION_ANAEMIA_NONPREGNANT_PREV,"Anaemia in non-pregnant women, prevalence (%)",https://www.who.int/data/gho/indicator-metadata-registry/imr-details/4552,,,,PUBLISHED,Published,,2004,2004,,SEAR,2004,2004,South-East Asia,,IND,India,,,,,54.2 [61.7-46.4],54.20000,61.70000,46.40000,,,
NUTRITION_ANAEMIA_NONPREGNANT_PREV,"Anaemia in non-pregnant women, prevalence (%)",https://www.who.int/data/gho/indicator-metadata-registry/imr-details/4552,,,,PUBLISHED,Published,,2005,2005,,SEAR,2005,2005,South-East Asia,,IND,India,,,,,54.2 [61.7-46.3],54.20000,61.70000,46.30000,,,
NUTRITION_ANAEMIA_NONPREGNANT_PREV,"Anaemia in non-pregnant women, prevalence (%)",https://www.who.int/data/gho/indicator-metadata-registry/imr-details/4552,,,,PUBLISHED,Published,,2006,2006,,SEAR,2006,2006,South-East Asia,,IND,India,,,,,54.2 [61.8-46.3],54.20000,61.80000,46.30000,,,
NUTRITION_ANAEMIA_NONPREGNANT_PREV,"Anaemia in non-pregnant women, prevalence (%)",https://www.who.int/data/gho/indicator-metadata-registry/imr-details/4552,,,,PUBLISHED,Published,,2007,2007,,SEAR,2007,2007,South-East Asia,,IND,India,,,,,54.2 [62.0-46.1],54.20000,62.00000,46.10000,,,
NUTRITION_ANAEMIA_NONPREGNANT_PREV,"Anaemia in non-pregnant women, prevalence (%)",https://www.who.int/data/gho/indicator-metadata-registry/imr-details/4552,,,,PUBLISHED,Published,,2008,2008,,SEAR,2008,2008,South-East Asia,,IND,India,,,,,54.1 [62.1-45.9],54.10000,62.10000,45.90000,,,
NUTRITION_ANAEMIA_NONPREGNANT_PREV,"Anaemia in non-pregnant women, prevalence (%)",https://www.who.int/data/gho/indicator-metadata-registry/imr-details/4552,,,,PUBLISHED,Published,,2009,2009,,SEAR,2009,2009,South-East Asia,,IND,India,,,,,53.8 [61.9-45.7],53.80000,61.90000,45.70000,,,
NUTRITION_ANAEMIA_NONPREGNANT_PREV,"Anaemia in non-pregnant women, prevalence (%)",https://www.who.int/data/gho/indicator-metadata-registry/imr-details/4552,,,,PUBLISHED,Published,,2010,2010,,SEAR,2010,2010,South-East Asia,,IND,India,,,,,53.6 [61.7-45.6],53.60000,61.70000,45.60000,,,
NUTRITION_ANAEMIA_NONPREGNANT_PREV,"Anaemia in non-pregnant women, prevalence (%)",https://www.who.int/data/gho/indicator-metadata-registry/imr-details/4552,,,,PUBLISHED,Published,,2011,2011,,SEAR,2011,2011,South-East Asia,,IND,India,,,,,53.5 [61.5-45.6],53.50000,61.50000,45.60000,,,
NUTRITION_ANAEMIA_NONPREGNANT_PREV,"Anaemia in non-pregnant women, prevalence (%)",https://www.who.int/data/gho/indicator-metadata-registry/imr-details/4552,,,,PUBLISHED,Published,,2012,2012,,SEAR,2012,2012,South-East Asia,,IND,India,,,,,53.3 [61.0-45.7],53.30000,61.00000,45.70000,,,
NUTRITION_ANAEMIA_NONPREGNANT_PREV,"Anaemia in non-pregnant women, prevalence (%)",https://www.who.int/data/gho/indicator-metadata-registry/imr-details/4552,,,,PUBLISHED,Published,,2013,2013,,SEAR,2013,2013,South-East Asia,,IND,India,,,,,53.1 [60.6-45.5],53.10000,60.60000,45.50000,,,
NUTRITION_ANAEMIA_NONPREGNANT_PREV,"Anaemia in non-pregnant women, prevalence (%)",https://www.who.int/data/gho/indicator-metadata-registry/imr-details/4552,,,,PUBLISHED,Published,,2014,2014,,SEAR,2014,2014,South-East Asia,,IND,India,,,,,53.0 [60.2-45.5],53.00000,60.20000,45.50000,,,
NUTRITION_ANAEMIA_NONPREGNANT_PREV,"Anaemia in non-pregnant women, prevalence (%)",https://www.who.int/data/gho/indicator-metadata-registry/imr-details/4552,,,,PUBLISHED,Published,,2015,2015,,SEAR,2015,2015,South-East Asia,,IND,India,,,,,52.8 [59.9-45.5],52.80000,59.90000,45.50000,,,
NUTRITION_ANAEMIA_NONPREGNANT_PREV,"Anaemia in non-pregnant women, prevalence (%)",https://www.who.int/data/gho/indicator-metadata-registry/imr-details/4552,,,,PUBLISHED,Published,,2016,2016,,SEAR,2016,2016,South-East Asia,,IND,India,,,,,52.8 [60.1-45.4],52.80000,60.10000,45.40000,,,
NUTRITION_ANAEMIA_NONPREGNANT_PREV,"Anaemia in non-pregnant women, prevalence (%)",https://www.who.int/data/gho/indicator-metadata-registry/imr-details/4552,,,,PUBLISHED,Published,,2017,2017,,SEAR,2017,2017,South-East Asia,,IND,India,,,,,52.9 [60.5-45.0],52.90000,60.50000,45.00000,,,
NUTRITION_ANAEMIA_NONPREGNANT_PREV,"Anaemia in non-pregnant women, prevalence (%)",https://www.who.int/data/gho/indicator-metadata-registry/imr-details/4552,,,,PUBLISHED,Published,,2018,2018,,SEAR,2018,2018,South-East Asia,,IND,India,,,,,53.0 [61.1-44.3],53.00000,61.10000,44.30000,,,
NUTRITION_ANAEMIA_NONPREGNANT_PREV,"Anaemia in non-pregnant women, prevalence (%)",https://www.who.int/data/gho/indicator-metadata-registry/imr-details/4552,,,,PUBLISHED,Published,,2019,2019,,SEAR,2019,2019,South-East Asia,,IND,India,,,,,53.1 [62.1-43.5],53.10000,62.10000,43.50000,,,
NUTRITION_ANAEMIA_PREGNANT_PREV,"Anaemia in pregnant women, prevalence (%)",https://www.who.int/data/gho/indicator-metadata-registry/imr-details/4552,,,,PUBLISHED,Published,,2000,2000,,SEAR,2000,2000,South-East Asia,,IND,India,,,,,53.7 [57.2-49.4],53.70000,57.20000,49.40000,,,
NUTRITION_ANAEMIA_PREGNANT_PREV,"Anaemia in pregnant women, prevalence (%)",https://www.who.int/data/gho/indicator-metadata-registry/imr-details/4552,,,,PUBLISHED,Published,,2006,2006,,SEAR,2006,2006,South-East Asia,,IND,India,,,,,52.8 [56.1-48.3],52.80000,56.10000,48.30000,,,
NUTRITION_ANAEMIA_PREGNANT_PREV,"Anaemia in pregnant women, prevalence (%)",https://www.who.int/data/gho/indicator-metadata-registry/imr-details/4552,,,,PUBLISHED,Published,,2004,2004,,SEAR,2004,2004,South-East Asia,,IND,India,,,,,53.2 [56.4-48.8],53.20000,56.40000,48.80000,,,
NUTRITION_ANAEMIA_PREGNANT_PREV,"Anaemia in pregnant women, prevalence (%)",https://www.who.int/data/gho/indicator-metadata-registry/imr-details/4552,,,,PUBLISHED,Published,,2019,2019,,SEAR,2019,2019,South-East Asia,,IND,India,,,,,50.1 [54.2-44.2],50.10000,54.20000,44.20000,,,
NUTRITION_ANAEMIA_PREGNANT_PREV,"Anaemia in pregnant women, prevalence (%)",https://www.who.int/data/gho/indicator-metadata-registry/imr-details/4552,,,,PUBLISHED,Published,,2009,2009,,SEAR,2009,2009,South-East Asia,,IND,India,,,,,52.1 [55.4-47.3],52.10000,55.40000,47.30000,,,
NUTRITION_ANAEMIA_PREGNANT_PREV,"Anaemia in pregnant women, prevalence (%)",https://www.who.int/data/gho/indicator-metadata-registry/imr-details/4552,,,,PUBLISHED,Published,,2002,2002,,SEAR,2002,2002,South-East Asia,,IND,India,,,,,53.4 [56.7-49.2],53.40000,56.70000,49.20000,,,
NUTRITION_ANAEMIA_PREGNANT_PREV,"Anaemia in pregnant women, prevalence (%)",https://www.who.int/data/gho/indicator-metadata-registry/imr-details/4552,,,,PUBLISHED,Published,,2007,2007,,SEAR,2007,2007,South-East Asia,,IND,India,,,,,52.6 [55.9-48.0],52.60000,55.90000,48.00000,,,
NUTRITION_ANAEMIA_PREGNANT_PREV,"Anaemia in pregnant women, prevalence (%)",https://www.who.int/data/gho/indicator-metadata-registry/imr-details/4552,,,,PUBLISHED,Published,,2001,2001,,SEAR,2001,2001,South-East Asia,,IND,India,,,,,53.5 [56.9-49.3],53.50000,56.90000,49.30000,,,
NUTRITION_ANAEMIA_PREGNANT_PREV,"Anaemia in pregnant women, prevalence (%)",https://www.who.int/data/gho/indicator-metadata-registry/imr-details/4552,,,,PUBLISHED,Published,,2008,2008,,SEAR,2008,2008,South-East Asia,,IND,India,,,,,52.4 [55.8-47.8],52.40000,55.80000,47.80000,,,
NUTRITION_ANAEMIA_PREGNANT_PREV,"Anaemia in pregnant women, prevalence (%)",https://www.who.int/data/gho/indicator-metadata-registry/imr-details/4552,,,,PUBLISHED,Published,,2015,2015,,SEAR,2015,2015,South-East Asia,,IND,India,,,,,50.6 [53.9-46.1],50.60000,53.90000,46.10000,,,
NUTRITION_ANAEMIA_PREGNANT_PREV,"Anaemia in pregnant women, prevalence (%)",https://www.who.int/data/gho/indicator-metadata-registry/imr-details/4552,,,,PUBLISHED,Published,,2018,2018,,SEAR,2018,2018,South-East Asia,,IND,India,,,,,50.2 [54.0-45.1],50.20000,54.00000,45.10000,,,
NUTRITION_ANAEMIA_PREGNANT_PREV,"Anaemia in pregnant women, prevalence (%)",https://www.who.int/data/gho/indicator-metadata-registry/imr-details/4552,,,,PUBLISHED,Published,,2016,2016,,SEAR,2016,2016,South-East Asia,,IND,India,,,,,50.4 [53.9-46.0],50.40000,53.90000,46.00000,,,
NUTRITION_ANAEMIA_PREGNANT_PREV,"Anaemia in pregnant women, prevalence (%)",https://www.who.int/data/gho/indicator-metadata-registry/imr-details/4552,,,,PUBLISHED,Published,,2014,2014,,SEAR,2014,2014,South-East Asia,,IND,India,,,,,50.9 [54.1-46.3],50.90000,54.10000,46.30000,,,
NUTRITION_ANAEMIA_PREGNANT_PREV,"Anaemia in pregnant women, prevalence (%)",https://www.who.int/data/gho/indicator-metadata-registry/imr-details/4552,,,,PUBLISHED,Published,,2010,2010,,SEAR,2010,2010,South-East Asia,,IND,India,,,,,51.9 [55.2-47.1],51.90000,55.20000,47.10000,,,
NUTRITION_ANAEMIA_PREGNANT_PREV,"Anaemia in pregnant women, prevalence (%)",https://www.who.int/data/gho/indicator-metadata-registry/imr-details/4552,,,,PUBLISHED,Published,,2003,2003,,SEAR,2003,2003,South-East Asia,,IND,India,,,,,53.3 [56.5-49.0],53.30000,56.50000,49.00000,,,
NUTRITION_ANAEMIA_PREGNANT_PREV,"Anaemia in pregnant women, prevalence (%)",https://www.who.int/data/gho/indicator-metadata-registry/imr-details/4552,,,,PUBLISHED,Published,,2005,2005,,SEAR,2005,2005,South-East Asia,,IND,India,,,,,53.0 [56.3-48.7],53.00000,56.30000,48.70000,,,
NUTRITION_ANAEMIA_PREGNANT_PREV,"Anaemia in pregnant women, prevalence (%)",https://www.who.int/data/gho/indicator-metadata-registry/imr-details/4552,,,,PUBLISHED,Published,,2017,2017,,SEAR,2017,2017,South-East Asia,,IND,India,,,,,50.4 [53.9-45.7],50.40000,53.90000,45.70000,,,
NUTRITION_ANAEMIA_PREGNANT_PREV,"Anaemia in pregnant women, prevalence (%)",https://www.who.int/data/gho/indicator-metadata-registry/imr-details/4552,,,,PUBLISHED,Published,,2011,2011,,SEAR,2011,2011,South-East Asia,,IND,India,,,,,51.7 [55.0-46.9],51.70000,55.00000,46.90000,,,
NUTRITION_ANAEMIA_PREGNANT_PREV,"Anaemia in pregnant women, prevalence (%)",https://www.who.int/data/gho/indicator-metadata-registry/imr-details/4552,,,,PUBLISHED,Published,,2013,2013,,SEAR,2013,2013,South-East Asia,,IND,India,,,,,51.2 [54.4-46.5],51.20000,54.40000,46.50000,,,
NUTRITION_ANAEMIA_PREGNANT_PREV,"Anaemia in pregnant women, prevalence (%)",https://www.who.int/data/gho/indicator-metadata-registry/imr-details/4552,,,,PUBLISHED,Published,,2012,2012,,SEAR,2012,2012,South-East Asia,,IND,India,,,,,51.4 [54.7-46.7],51.40000,54.70000,46.70000,,,
